CÃ³digo,Calidad 1,Calidad 2,Calidad 3,Calidad 4
20010101,19,14,3,2
20010201,13,42,59,20
20010202,19,39,51,5
20010203,8,26,63,1
20010204,13,32,59,6
20010205,15,22,39,5
20010206,19,66,74,15
20010207,6,22,36,3
20010208,9,75,38,10
20010209,13,32,48,4
20010210,6,26,20,4
20010211,30,82,55,2
20010212,70,184,63,3
20010213,17,44,54,4
20010214,26,96,39,4
20010215,30,73,39,2
20010216,74,211,66,12
20010217,18,70,60,2
20010218,10,71,35,6
20010219,16,51,23,3
20010301,4,76,55,23
20010302,14,74,48,9
20010303,6,92,55,9
20010304,6,45,62,5
20010305,20,129,34,23
20010306,32,139,59,15
20010307,14,60,31,1
20010308,40,154,34,5
20010309,42,221,62,14
20010310,30,158,30,10
20010311,20,137,20,27
20010312,19,78,35,27
20010313,15,65,10,1
20010314,26,73,23,8
20010315,35,184,23,2
20010316,29,154,14,1
20010317,30,50,76,8
20010318,15,127,22,8
20010319,31,142,115,9
20010320,1,50,39,14
20010321,7,64,14,12
20010322,11,72,66,39
20010323,18,119,95,28
20010401,554,34,0,0
20010402,498,14,1,0
20010403,299,17,0,0
20010404,415,21,0,0
20010405,270,20,3,0
20010406,343,19,1,0
20010407,393,15,11,0
20010408,311,25,1,0
20010501,196,16,12,12
20010502,202,37,0,0
20010503,359,25,1,0
20010504,467,16,0,0
20010505,229,8,0,0
20010506,336,16,1,0
20010507,253,16,1,0
20010601,290,24,10,0
20010602,191,19,0,0
20010603,382,25,1,0
20010604,374,18,0,0
20010605,159,6,2,0
20010606,223,8,4,0
20010607,206,17,1,0
20010608,280,12,0,0
20010609,405,5,0,0
20010610,172,8,2,0
20010701,241,19,0,0
20010702,107,2,0,1
20010703,94,30,0,0
20010704,224,43,1,0
20010705,131,15,1,0
20010706,68,11,1,0
20010707,229,13,1,0
20010708,195,38,3,0
20010709,173,10,0,0
20010710,204,22,3,0
20010711,107,28,0,0
20010712,147,26,0,0
20010713,59,5,0,0
20010801,167,19,1,0
20010802,493,67,2,0
20010803,396,42,0,0
20010804,265,26,0,1
20010805,199,15,0,0
20010806,536,28,0,0
20010807,506,39,1,0
20010808,170,17,1,0
20010809,243,12,2,0
20010810,147,34,0,0
20010901,150,9,1,1
20010902,163,25,1,0
20010903,157,15,1,16
20010904,113,19,1,0
20010905,157,30,0,0
20010906,148,25,0,0
20010907,230,47,2,1
20010908,134,11,0,0
20010909,195,28,1,0
20010910,94,11,1,0
20010911,108,8,0,0
20010912,69,5,0,0
20010913,170,20,1,0
20010914,101,18,2,0
20010915,85,15,0,0
20010916,231,32,13,0
20010917,164,42,0,0
20010918,149,7,5,0
20010919,54,4,0,0
20011001,98,19,0,1
20011002,242,31,0,0
20011003,425,80,1,0
20011004,201,21,0,0
20011005,198,35,0,0
20011006,253,12,0,0
20011007,117,8,1,0
20011008,133,18,0,1
20011009,147,13,0,0
20011010,259,28,0,0
20011011,308,36,1,0
20011012,185,84,5,1
20011013,295,37,2,0
20011014,94,16,0,0
20011101,166,36,0,0
20011102,227,18,13,0
20011103,91,23,81,0
20011104,260,46,0,0
20011105,152,51,7,0
20011106,168,38,0,0
20011107,228,40,13,1
20011108,325,22,1,0
20011109,182,11,0,0
20011110,221,43,3,0
20011111,91,23,1,0
20011112,310,61,4,0
20011113,262,21,1,0
20011114,256,30,0,0
20011201,102,12,0,0
20011202,107,22,0,0
20011203,261,48,1,0
20011204,128,36,2,0
20011205,210,45,2,0
20011206,149,32,3,0
20011207,285,54,3,0
20011208,109,17,3,0
20011209,291,29,7,0
20011210,82,14,1,0
20011211,103,24,0,5
20011212,77,12,0,0
20011301,154,8,0,0
20011302,51,8,0,0
20011303,20,0,0,0
20011304,117,15,4,0
20011305,140,7,0,3
20011306,81,14,0,0
20011307,233,3,0,0
20011308,141,14,0,0
20011309,139,6,9,0
20011310,227,2,0,0
20011311,121,11,5,0
20011312,133,5,0,0
20011313,96,5,0,1
20011314,65,308,140,48
20011315,0,0,0,0
20011401,180,12,1,0
20011402,105,89,13,3
20011403,156,19,0,0
20011404,32,5,0,0
20011405,154,34,5,0
20011406,224,61,4,0
20011407,201,7,0,0
20011408,140,40,5,3
20011409,222,18,6,0
20011410,147,58,2,5
20011411,230,23,0,0
20011412,179,32,5,0
20011501,157,6,2,0
20011502,208,20,13,1
20011503,139,36,24,0
20011504,284,32,3,0
20011505,113,38,3,1
20011506,258,37,5,0
20011507,229,15,1,0
20011508,247,52,7,0
20011509,255,60,15,0
20011510,242,26,2,0
20011511,193,18,26,0
20011601,181,5,0,0
20011602,148,15,0,0
20011603,357,47,0,0
20011604,276,53,2,0
20011605,171,27,2,0
20011606,180,14,0,0
20011607,330,94,23,0
20011608,203,11,1,0
20011609,151,5,0,0
20011610,255,23,3,0
20011611,193,17,3,0
20011612,127,5,0,0
20011701,291,64,1,0
20011702,223,52,5,1
20011703,282,11,1,0
20011704,266,12,2,0
20011705,231,20,0,0
20011706,283,67,0,0
20011707,296,22,0,0
20011708,209,32,2,0
20011709,214,23,1,0
20011710,243,31,0,0
20011711,181,34,0,0
20011801,338,10,1,0
20011802,340,8,0,0
20011803,246,30,2,0
20011804,318,16,3,0
20011805,244,21,0,0
20011806,402,67,6,1
20011807,241,59,8,0
20011808,258,36,2,1
20011809,274,20,3,0
20011901,293,113,8,5
20011902,432,53,2,1
20011903,125,12,3,0
20011904,238,44,5,0
20011905,222,26,3,0
20011906,154,45,3,0
20011907,254,62,1,0
20011908,140,16,0,0
20011909,191,26,2,0
20012001,194,59,2,0
20012002,257,35,3,1
20012003,193,40,1,0
20012004,299,33,8,2
20012005,260,84,2,0
20012006,281,29,1,0
20012007,194,7,2,2
20012008,201,9,6,0
20012009,221,13,3,0
20012010,255,48,2,1
20012101,245,20,0,0
20012102,228,21,0,0
20012103,86,8,32,0
20012104,372,84,6,0
20012105,230,20,21,0
20012106,219,38,0,0
20012107,290,34,0,1
20012108,196,37,5,0
20012109,294,26,2,0
20012110,312,45,0,0
20012201,210,14,4,0
20012202,375,19,23,0
20012203,313,34,7,0
20012204,167,27,1,1
20012205,164,20,0,0
20012206,223,15,3,1
20012207,229,26,2,0
20012208,253,18,1,0
20012209,314,49,4,1
20012210,458,100,12,4
20012301,227,33,1,0
20012302,189,21,0,0
20012303,329,32,8,0
20012304,120,10,0,1
20012305,171,47,1,0
20012306,191,16,1,0
20012307,204,42,2,1
20012308,270,16,0,0
20012309,362,38,0,0
20012310,134,9,2,0
20012401,100,13,0,0
20012402,116,25,0,0
20012403,108,47,4,0
20012404,146,18,1,1
20012405,144,17,0,0
20012406,289,51,6,0
20012407,207,41,8,0
20012408,158,18,3,0
20012501,147,23,0,1
20012502,147,23,4,0
20012503,210,9,2,0
20012504,386,20,1,2
20012505,199,20,1,0
20012506,266,66,4,0
20012507,178,7,5,1
20012508,258,56,2,0
20012509,113,37,0,0
20012510,183,27,1,0
20012511,222,27,0,0
20012601,156,73,9,3
20012602,256,17,21,4
20012603,173,33,6,1
20012604,214,20,5,0
20012605,286,13,0,0
20012606,192,20,0,2
20012607,138,2,0,1
20012608,205,6,1,0
20012609,304,7,0,0
20012701,201,29,0,0
20012702,104,33,1,0
20012703,191,78,2,0
20012704,220,82,10,4
20012705,259,13,10,0
20012706,244,105,3,2
20012707,154,71,2,1
20012708,231,12,1,0
20012709,257,43,0,0
20012710,235,6,0,0
20012801,202,12,0,0
20012802,291,31,18,0
20012803,171,59,2,0
20012804,228,41,1,1
20012805,317,28,3,0
20012806,211,60,2,0
20012807,241,40,9,3
20012808,93,0,0,0
20012809,222,31,2,0
20012810,317,20,0,0
20012811,199,31,6,0
20012812,169,40,19,1
20012813,202,36,3,0
20012901,349,38,7,1
20012902,198,18,10,0
20012903,255,14,4,0
20012904,212,28,2,0
20012905,243,13,1,1
20012906,301,17,1,0
20012907,292,31,1,0
20012908,195,24,3,2
20012909,238,61,41,2
20020101,3,2,4,0
20020102,35,32,49,3
20020201,211,10,8,0
20020202,355,6,0,0
20020203,215,9,0,0
20020204,180,5,0,0
20020205,239,20,0,0
20020206,183,7,0,0
20020207,127,2,0,0
20020208,253,21,4,0
20020301,384,12,1,0
20020302,328,66,3,1
20020303,85,2,0,0
20020304,175,11,1,0
20020305,263,23,2,0
20020306,239,33,0,0
20020307,320,11,0,0
20020308,215,13,1,0
20020401,282,24,1,0
20020402,100,9,0,0
20020403,142,4,0,0
20020404,182,10,1,0
20020405,269,12,0,0
20020406,173,11,2,0
20020407,217,9,0,0
20020408,401,18,4,1
20020409,279,34,1,0
20020410,396,18,0,0
20020501,247,7,1,1
20020502,267,7,2,0
20020503,204,43,1,0
20020504,223,1,0,0
20020505,298,20,0,0
20020506,306,20,0,0
20020507,298,22,0,0
20020508,311,11,0,0
20020509,240,9,0,0
20020601,149,18,0,0
20020602,530,30,0,0
20020603,203,17,0,0
20020604,293,22,0,0
20020605,172,6,0,0
20020606,265,46,2,0
20020607,169,5,0,0
20020608,188,24,7,0
20020609,258,10,1,0
20020610,203,19,4,0
20020701,523,35,2,0
20020702,434,35,3,1
20020703,316,39,0,0
20020704,251,13,0,0
20020705,224,16,1,0
20020706,262,9,0,0
20020707,354,40,5,1
20020708,133,20,1,0
20020709,264,12,0,0
20020801,292,38,5,0
20020802,284,17,1,0
20020803,407,43,1,0
20020804,445,28,1,0
20020805,367,30,0,0
20020806,538,76,4,0
20020807,613,66,2,0
20020808,330,20,0,0
20020901,345,27,0,0
20020902,213,2,0,0
20020903,422,22,2,0
20020904,415,40,0,0
20020905,434,27,0,0
20020906,407,30,0,0
20020907,447,11,0,0
20020908,605,31,0,0
20020909,490,27,1,1
20021001,459,52,4,0
20021002,333,20,0,0
20021003,203,3,0,0
20021004,331,10,0,0
20021005,406,15,0,0
20021006,308,7,0,0
20021007,447,27,0,0
20021008,416,13,0,0
20021009,258,18,1,0
20021101,521,79,0,0
20021102,220,8,0,0
20021103,620,16,8,0
20021104,596,58,3,0
20021105,141,10,1,0
20021106,289,12,1,0
20021201,394,37,0,0
20021202,372,13,2,0
20021203,392,22,0,0
20021204,648,35,1,0
20021205,536,30,1,0
20021206,458,12,1,0
20021301,496,62,0,0
20021302,380,28,1,0
20021303,476,17,0,1
20021304,481,47,1,0
20021305,580,24,1,0
20021306,364,14,0,0
20021307,492,97,3,0
20021401,220,25,1,0
20021402,285,8,1,0
20021403,170,4,0,0
20021404,332,24,0,0
20021405,381,73,1,0
20021406,440,70,12,0
20021407,325,12,0,0
20021408,356,17,0,0
20021409,537,31,3,0
20021410,498,23,1,1
20021501,238,26,0,0
20021502,349,30,4,0
20021503,577,48,0,0
20021504,299,10,0,0
20021505,257,6,1,0
20021506,259,25,0,0
20021507,346,16,0,0
20021508,302,25,2,0
20021601,295,21,0,1
20021602,271,16,1,0
20021603,281,20,0,0
20021604,265,13,0,0
20021605,327,30,0,1
20021606,311,6,0,0
20021607,318,18,1,0
20021608,191,3,2,0
20021701,517,46,1,0
20021702,356,10,0,0
20021703,425,20,0,0
20021704,151,8,3,0
20021705,244,31,0,0
20021706,392,44,4,1
20021707,479,40,0,1
20021708,441,22,7,0
20021709,346,10,0,0
20021801,391,50,0,0
20021802,460,57,1,0
20021803,381,9,1,0
20021804,241,19,1,1
20021805,227,16,0,0
20021806,313,42,3,0
20021807,246,16,1,0
20021808,316,12,0,0
20021901,327,40,24,0
20021902,292,5,0,0
20021903,296,7,0,0
20021904,449,38,0,0
20021905,332,20,0,0
20021906,388,29,1,0
20021907,295,17,1,0
20021908,354,12,0,0
20022001,412,27,2,0
20022002,414,26,4,1
20022003,329,41,0,0
20022004,287,79,3,0
20022005,232,10,1,0
20022006,313,10,0,0
20022007,219,21,3,0
20022008,269,15,0,0
20022101,433,12,0,0
20022102,391,39,1,0
20022103,344,14,0,0
20022104,488,20,0,0
20022105,414,48,3,0
20022106,429,26,0,0
20022201,326,38,0,0
20022202,265,14,0,0
20022203,194,9,0,0
20022204,466,8,1,0
20022205,465,54,3,0
20022206,534,21,1,0
20022301,396,33,0,0
20022302,496,13,0,0
20022303,425,8,0,0
20022304,339,38,0,0
20022305,285,8,0,0
20022306,193,5,0,0
20022307,209,19,0,0
20022308,164,17,0,0
20022309,412,34,0,0
20022401,416,26,2,0
20022402,358,13,0,0
20022403,322,8,1,0
20022404,417,32,2,0
20022405,434,60,0,0
20022406,418,40,0,1
20022501,295,14,0,0
20022502,327,17,0,0
20022503,174,3,0,0
20022504,385,40,0,0
20022505,372,80,0,1
20022506,298,33,16,1
20022507,329,42,1,1
20022508,469,35,1,0
20022509,392,13,0,0
20022510,218,79,0,0
20022511,395,34,2,0
20030101,404,65,4,1
20030102,371,34,3,1
20030103,436,7,0,0
20030104,224,17,0,0
20030105,274,61,13,13
20030106,207,37,6,2
20030107,264,44,17,3
20030108,160,6,2,1
20030109,202,15,0,0
20030110,171,3,0,0
20030111,216,5,0,1
20030201,280,40,0,0
20030202,307,23,1,0
20030203,280,36,0,0
20030204,240,43,0,0
20030205,301,33,2,0
20030206,330,18,1,0
20030207,370,24,0,0
20030208,309,29,0,0
20030209,250,25,0,0
20030210,167,1,0,0
20030211,221,32,0,0
20030212,280,18,0,0
20030301,438,14,0,0
20030302,288,79,0,0
20030303,221,21,2,0
20030304,198,7,0,0
20030305,189,45,0,0
20030306,285,8,0,0
20030307,293,6,1,0
20030308,253,6,1,0
20030309,147,7,0,0
20030310,243,19,1,0
20030311,305,0,0,0
20030401,283,25,0,0
20030402,191,17,0,0
20030403,259,12,2,0
20030404,264,22,0,0
20030405,252,13,1,0
20030406,257,32,6,0
20030407,216,48,0,0
20030408,228,6,0,0
20030501,337,32,0,0
20030502,223,59,1,0
20030503,414,35,0,0
20030504,218,30,0,0
20030505,308,12,4,0
20030506,184,19,0,0
20030507,338,12,0,0
20030601,321,30,0,0
20030602,137,3,1,0
20030603,248,43,1,1
20030604,280,13,4,0
20030605,220,62,21,0
20030606,184,66,0,0
20030607,267,37,0,0
20030701,130,3,0,0
20030702,362,21,1,0
20030703,392,36,2,2
20030704,330,25,1,0
20030705,252,12,0,0
20030706,269,10,0,0
20030707,450,16,2,0
20030708,140,19,0,0
20030709,354,36,0,0
20030801,285,28,1,0
20030802,106,96,4,0
20030803,296,33,0,0
20030804,194,13,2,1
20030805,177,20,0,0
20030806,164,32,0,1
20030807,134,31,0,0
20030808,194,3,0,0
20030809,288,7,0,0
20030810,205,9,0,0
20030901,273,88,16,3
20030902,160,39,0,0
20030903,314,15,0,0
20030904,345,18,12,0
20030905,181,23,2,0
20030906,178,12,0,3
20030907,167,21,26,0
20030908,172,24,14,0
20030909,332,23,0,0
20030910,251,39,1,0
20031001,334,41,1,0
20031002,299,19,1,1
20031003,217,13,1,0
20031004,273,5,0,0
20031005,178,20,1,0
20031006,349,19,2,1
20031007,293,33,1,2
20031008,240,27,3,0
20031101,301,40,4,0
20031102,352,80,0,0
20031103,276,58,4,0
20031104,298,55,7,0
20031105,260,49,5,0
20031106,369,27,0,0
20031107,400,23,3,0
20031108,257,7,0,1
20031201,284,58,8,0
20031202,336,56,4,0
20031203,251,11,2,0
20031204,211,16,0,0
20031205,442,29,2,0
20031206,35,14,0,0
20031207,402,25,4,0
20031208,266,19,0,0
20031209,182,22,1,0
20031210,248,42,6,2
20031301,268,27,2,1
20031302,301,26,0,0
20031303,335,32,2,0
20031304,167,8,31,0
20031305,272,44,4,1
20031306,267,43,3,0
20031307,204,44,0,0
20031308,218,19,1,0
20031309,318,26,1,0
20031310,126,35,1,0
20031311,234,23,3,0
20031401,296,36,3,0
20031402,333,49,2,1
20031403,409,37,0,0
20031404,253,24,8,1
20031405,321,39,0,1
20031406,457,48,0,0
20031407,195,47,3,1
20031408,279,28,1,0
20031409,31,1,0,0
20031410,273,29,1,0
20031501,237,31,0,0
20031502,332,34,1,0
20031503,256,11,1,1
20031504,285,32,2,3
20031505,310,52,8,0
20031506,305,42,5,0
20031507,559,25,2,0
20031508,548,36,3,0
20031509,105,7,1,0
20031601,326,38,2,0
20031602,407,78,0,1
20031603,294,43,1,0
20031604,156,18,0,0
20031605,203,32,0,0
20031606,190,71,1,0
20031607,283,23,0,0
20031608,275,37,2,8
20031609,439,52,1,0
20031701,229,26,1,1
20031702,282,37,1,0
20031703,195,5,2,0
20031704,268,53,4,0
20031705,228,30,3,0
20031706,273,40,5,0
20031707,299,35,4,0
20031708,277,64,6,2
20031709,201,38,3,0
20031801,183,62,2,2
20031802,241,47,1,0
20031803,139,47,0,0
20031804,314,39,0,1
20031805,129,31,9,0
20031806,207,30,3,2
20031807,221,37,14,0
20031808,221,23,1,0
20031809,351,29,1,0
20031810,153,40,1,0
20031811,221,19,0,0
20031901,365,96,12,0
20031902,127,11,0,0
20031903,249,44,0,0
20031904,265,17,7,0
20031905,254,41,3,0
20031906,286,35,1,1
20031907,289,16,4,0
20031908,400,52,1,0
20031909,240,31,21,0
20031910,214,15,2,0
20032001,255,20,0,0
20032002,391,12,0,1
20032003,289,22,1,0
20032004,256,30,0,0
20032005,172,52,1,0
20032006,168,14,3,0
20032007,293,34,5,1
20032008,214,22,16,1
20032009,407,42,4,0
20032010,244,40,2,0
20032011,198,40,0,0
20032101,356,15,3,0
20032102,364,21,1,0
20032103,262,19,3,0
20032104,323,15,1,0
20032105,194,12,2,0
20032106,340,19,7,0
20032107,196,2,0,0
20032108,271,32,1,0
20032109,118,66,2,0
20032110,314,63,15,8
20032201,245,41,2,1
20032202,256,34,1,0
20032203,163,10,0,0
20032204,156,52,0,0
20032205,325,29,3,0
20032206,205,11,5,0
20032207,269,29,7,0
20032208,327,28,7,1
20032209,315,50,3,0
20032301,279,21,3,0
20032302,304,21,3,1
20032303,292,50,2,0
20032304,166,12,7,0
20032305,284,7,0,0
20032306,192,27,5,0
20032307,217,26,0,0
20032308,270,54,7,1
20032309,262,30,22,0
20032310,301,55,6,0
20032401,267,23,2,0
20032402,261,18,10,0
20032403,256,15,1,0
20032404,269,23,9,0
20032405,202,18,0,0
20032406,301,40,18,0
20032407,258,34,0,0
20032408,246,46,7,0
20032409,141,39,3,0
20032501,448,32,27,0
20032502,239,16,4,0
20032503,156,16,4,0
20032504,226,26,6,0
20032505,180,20,2,0
20032506,248,58,11,0
20032507,193,28,2,0
20032508,596,82,16,0
20032509,296,16,0,0
20032601,330,28,3,1
20032602,336,64,4,1
20032603,290,33,4,0
20032604,210,12,1,0
20032605,286,32,4,0
20032606,178,39,4,0
20032607,248,44,3,1
20032608,225,14,1,0
20032609,233,25,5,1
20032701,328,44,2,0
20032702,257,26,3,0
20032703,297,20,5,0
20032704,259,42,2,1
20032705,239,48,7,2
20032706,226,28,2,0
20032707,296,19,3,0
20040101,165,14,5,0
20040102,156,36,4,0
20040103,132,24,4,0
20040104,106,50,19,0
20040105,95,63,4,1
20040106,74,38,5,1
20040107,119,29,3,0
20040108,171,32,15,0
20040109,145,23,8,0
20040110,112,28,8,0
20040111,122,37,8,0
20040112,139,26,5,1
20040113,85,31,11,0
20040114,136,41,27,0
20040201,187,67,12,3
20040202,206,57,8,1
20040203,281,60,16,0
20040204,172,58,9,0
20040205,162,40,9,1
20040206,185,16,47,0
20040207,236,44,12,1
20040208,117,43,13,3
20040209,144,46,13,1
20040210,193,51,27,2
20040301,273,36,9,1
20040302,234,40,7,0
20040303,178,26,2,0
20040304,236,34,19,1
20040305,263,47,8,1
20040306,237,26,9,0
20040307,158,40,14,0
20040308,188,66,9,0
20040309,138,32,2,0
20040310,243,24,4,0
20040311,239,44,8,0
20040312,273,43,4,1
20040313,123,34,12,1
20040401,209,17,7,0
20040402,276,15,2,0
20040403,237,60,4,0
20040404,272,38,10,0
20040405,310,42,6,0
20040406,209,60,4,0
20040407,286,32,3,0
20040408,237,17,7,0
20040409,201,42,11,1
20040410,204,45,12,0
20040411,206,64,7,0
20040501,333,23,4,0
20040502,210,24,4,0
20040503,302,15,2,0
20040504,211,37,2,0
20040505,147,50,1,0
20040506,303,36,4,0
20040507,208,24,0,0
20040508,193,38,10,0
20040509,487,67,35,1
20040510,250,82,25,0
20040511,234,45,24,1
20040601,353,48,3,0
20040602,270,20,2,0
20040603,220,31,7,0
20040604,249,41,7,0
20040605,235,16,5,0
20040606,286,77,5,1
20040607,240,34,11,1
20040608,256,37,8,0
20040609,254,15,0,0
20040610,164,44,3,0
20040611,217,20,2,0
20040701,252,37,4,1
20040702,242,21,0,0
20040703,201,29,8,0
20040704,708,41,1,0
20040705,271,20,2,0
20040706,230,32,11,0
20040707,300,12,0,0
20040708,242,35,4,0
20040709,209,31,1,2
20040710,232,38,3,1
20040711,146,37,5,0
20040712,210,22,2,0
20040801,268,29,0,0
20040802,272,32,2,0
20040803,209,25,3,0
20040804,215,35,3,0
20040805,242,24,0,0
20040806,245,23,5,0
20040807,450,298,21,5
20040808,57,38,0,1
20040809,207,54,10,1
20040810,156,32,17,1
20040811,185,57,12,0
20040901,167,70,23,0
20040902,136,63,25,1
20040903,110,32,15,2
20040904,104,29,10,2
20040905,138,47,4,0
20040906,223,51,2,0
20040907,205,41,3,0
20041001,1,6,4,0
20041002,178,225,109,21
20041003,123,187,144,12
20041004,20,30,53,2
20041005,153,124,147,12
20041006,86,77,93,3
20041007,44,92,86,10
20041008,54,248,91,9
20041009,101,234,204,20
20041101,176,29,4,0
20041102,280,12,14,0
20041103,230,35,9,0
20041104,211,34,2,0
20041105,137,23,1,0
20041106,207,59,1,0
20041107,167,61,63,5
20041108,247,36,2,0
20041109,96,38,94,2
20041201,103,30,6,2
20041202,151,29,6,2
20041203,264,35,1,1
20041204,190,40,3,0
20041205,181,27,7,0
20041206,146,41,9,1
20041207,89,19,5,0
20041208,171,11,0,0
20041209,279,20,3,0
20041210,248,11,6,0
20041211,244,12,0,0
20041212,186,22,2,0
20041301,321,26,1,0
20041302,232,8,0,0
20041303,229,16,0,0
20041304,192,27,0,0
20041305,319,35,4,0
20041306,154,14,2,0
20041307,362,33,1,0
20041308,166,8,0,0
20041309,166,2,1,0
20041310,198,1,1,0
20041311,331,112,2,0
20041401,231,30,2,0
20041402,212,37,6,0
20041403,227,42,4,0
20041404,463,30,0,0
20041405,274,14,0,0
20041406,204,3,0,0
20041407,228,51,2,0
20041408,339,11,3,0
20041409,227,21,2,0
20041501,210,45,0,0
20041502,584,32,0,0
20041503,433,46,2,0
20041504,258,23,10,0
20041505,208,7,1,0
20041506,210,26,2,0
20041507,239,29,0,0
20041508,235,31,4,0
20041509,227,14,1,1
20041510,171,9,1,0
20041601,244,7,2,0
20041602,810,66,3,0
20041603,418,8,0,0
20041604,202,31,12,2
20041605,328,45,8,0
20041606,234,6,2,0
20041607,139,4,4,0
20041608,189,19,2,2
20041609,403,13,7,1
20041610,250,21,2,0
20041701,216,1,0,0
20041702,228,8,1,0
20041703,180,19,15,1
20041704,247,39,5,0
20041705,296,32,0,0
20041706,269,7,0,0
20041707,241,9,5,0
20041708,258,46,39,3
20041709,302,29,0,0
20041710,212,31,18,0
20041801,9,5,4,24
20041901,169,52,10,12
20041902,212,19,9,0
20041903,224,86,10,1
20041904,259,55,16,2
20041905,223,24,9,0
20041906,206,89,44,4
20041907,150,56,55,4
20041908,94,77,63,7
20041909,161,50,84,12
20041910,207,37,8,5
20042001,190,41,39,2
20042002,216,25,2,1
20042003,165,56,28,5
20042004,138,43,35,3
20042005,142,20,47,1
20042006,199,47,54,1
20042007,233,36,12,0
20042008,176,31,24,10
20042009,214,44,25,0
20042010,229,67,42,3
20042011,252,48,15,2
20042012,408,46,2,1
20042101,159,50,25,3
20042102,137,31,67,6
20042103,150,22,15,9
20042104,128,37,66,4
20042105,168,50,17,1
20042106,164,73,21,4
20042107,201,37,8,0
20042108,183,54,40,13
20042109,110,57,53,14
20042110,82,51,53,39
20042111,176,45,28,5
20042112,134,29,18,4
20042201,235,11,0,0
20042202,237,48,4,0
20042203,337,9,0,0
20042204,478,8,0,0
20042205,219,41,5,0
20042206,254,0,0,0
20042207,363,12,3,0
20042208,306,35,7,0
20042209,205,28,6,0
20042210,214,12,0,0
20042211,247,6,1,0
20042212,178,15,3,0
20042301,208,44,9,0
20042302,200,56,18,1
20042303,175,53,14,1
20042304,187,51,18,2
20042305,196,14,2,0
20042306,251,41,7,0
20042307,174,39,11,1
20042308,236,41,8,1
20042309,95,16,9,1
20042310,156,45,22,3
20042311,154,23,4,0
20042312,118,48,33,2
20042401,94,114,156,7
20042402,110,149,223,11
20042403,56,96,145,8
20042404,94,118,237,18
20042405,42,51,86,10
20042406,38,75,213,14
20042501,57,340,137,46
20042502,171,238,47,18
20042503,171,378,214,41
20042504,39,214,159,28
20042601,18,18,80,1
20042602,187,6,51,1
20042603,52,35,97,5
20050101,235,11,4,0
20050102,350,16,4,0
20050103,308,16,1,0
20050104,260,40,7,0
20050105,414,33,1,0
20050106,181,22,2,0
20050107,293,9,0,0
20050108,286,25,5,0
20050109,337,7,0,0
20050110,295,5,0,0
20050201,261,58,1,0
20050202,234,28,0,0
20050203,282,14,1,0
20050204,413,13,1,0
20050205,211,8,1,0
20050206,170,47,8,0
20050207,181,56,3,0
20050208,371,56,4,0
20050209,295,26,2,1
20050210,266,25,0,0
20050211,356,27,0,0
20050301,299,12,2,0
20050302,441,29,9,0
20050303,105,29,4,0
20050304,187,16,22,2
20050305,285,32,1,0
20050306,273,24,0,0
20050307,211,76,6,0
20050308,149,12,1,0
20050309,282,18,3,0
20050310,201,15,9,0
20050311,329,37,16,1
20050401,362,42,4,1
20050402,314,26,2,0
20050403,266,16,1,0
20050404,258,16,0,1
20050405,289,37,4,0
20050406,485,16,0,0
20050407,220,29,1,0
20050408,475,19,1,0
20050409,300,28,2,0
20050501,320,13,2,0
20050502,549,14,0,0
20050503,329,21,0,0
20050504,259,27,1,0
20050505,208,28,4,0
20050506,290,15,2,6
20050507,377,33,9,0
20050508,307,8,7,0
20050601,295,5,1,0
20050602,350,54,1,0
20050603,404,31,0,0
20050604,600,46,1,0
20050605,476,65,0,1
20050606,342,21,1,0
20050607,369,23,2,0
20050608,346,30,0,0
20050701,487,22,5,0
20050702,188,19,1,0
20050703,258,11,0,0
20050704,509,81,1,0
20050705,503,94,1,0
20050706,248,35,7,1
20050707,185,9,2,0
20050708,297,54,19,0
20050801,462,79,4,0
20050802,305,9,3,0
20050803,460,31,2,0
20050804,397,47,2,0
20050805,171,1,0,0
20050806,365,20,0,0
20050807,354,14,25,0
20050808,312,34,2,0
20050809,302,23,1,0
20050901,395,53,3,0
20050902,269,6,0,0
20050903,243,21,1,0
20050904,205,26,0,0
20050905,250,7,0,0
20050906,213,27,0,0
20050907,197,17,4,0
20050908,425,27,1,0
20050909,415,9,0,0
20050910,293,35,5,0
20051001,483,35,3,0
20051002,508,22,0,0
20051003,131,22,1,0
20051004,233,9,0,0
20051005,232,31,1,0
20051006,285,19,1,0
20051007,478,59,1,0
20051008,260,36,1,0
20051009,270,44,2,0
20051010,239,13,0,0
20051101,465,44,5,0
20051102,321,54,1,1
20051103,245,26,1,0
20051104,289,24,4,0
20051105,275,14,7,0
20051106,278,29,3,0
20051107,408,39,6,0
20051108,235,71,9,1
20051109,387,60,4,0
20051110,324,23,0,0
20051201,218,29,3,0
20051202,792,31,0,0
20051203,345,56,4,0
20051204,273,33,1,0
20051205,181,5,1,0
20051206,608,116,3,0
20051207,263,59,2,0
20051301,365,26,1,0
20051302,289,28,2,0
20051303,301,43,4,0
20051304,241,32,3,0
20051305,272,25,5,0
20051306,333,28,2,0
20051307,301,15,0,0
20051308,404,13,0,0
20051309,399,13,0,0
20051401,262,4,2,0
20051402,321,20,1,0
20051403,480,44,8,0
20051404,402,12,1,0
20051405,616,76,5,0
20051406,478,14,20,0
20051407,144,19,2,0
20051408,247,20,0,0
20051409,330,27,1,0
20051501,451,34,3,0
20051502,451,51,4,1
20051503,227,9,2,0
20051504,521,24,3,0
20051505,410,35,5,0
20051506,257,16,2,0
20051507,231,54,0,0
20051508,188,18,3,3
20051509,153,7,1,0
20051601,298,34,1,0
20051602,258,13,2,0
20051603,184,21,0,0
20051604,298,65,7,2
20051605,311,45,1,0
20051606,248,39,5,0
20051607,209,21,1,0
20051608,341,20,7,2
20051609,328,41,7,1
20051610,303,70,11,0
20051611,361,36,3,0
20051701,260,21,1,0
20051702,328,15,2,0
20051703,254,17,2,0
20051704,248,25,11,1
20051705,291,15,0,0
20051706,306,19,0,0
20051707,266,49,10,0
20051708,309,24,1,0
20051709,241,6,0,0
20051710,246,22,4,0
20051711,361,26,2,0
20051801,362,38,4,0
20051802,271,44,4,0
20051803,313,20,4,0
20051804,226,20,8,0
20051805,266,56,6,0
20051806,216,21,2,0
20051807,294,9,1,0
20051808,132,14,1,0
20051809,229,35,2,0
20051810,285,36,0,0
20051811,268,33,3,0
20051901,293,39,3,0
20051902,254,16,5,0
20051903,371,17,7,0
20051904,295,71,16,5
20051905,291,28,1,0
20051906,303,17,1,0
20051907,167,25,3,0
20051908,389,16,1,0
20051909,278,11,2,0
20051910,315,24,12,0
20051911,296,22,8,0
20052001,241,47,20,0
20052002,345,50,4,0
20052003,280,68,11,1
20052004,275,29,2,0
20052005,293,21,6,0
20052006,241,30,3,0
20052007,224,50,5,0
20052008,211,45,9,0
20052009,271,27,7,0
20052010,323,50,3,0
20052011,225,37,10,0
20052012,190,44,4,0
20052101,341,29,2,0
20052102,275,63,0,0
20052103,197,11,0,0
20052104,318,13,4,0
20052105,225,38,1,0
20052106,243,78,3,0
20052107,203,34,4,0
20052108,205,32,3,0
20052109,182,48,1,0
20052110,209,17,2,0
20052111,222,17,2,0
20052201,226,20,2,0
20052202,231,48,4,1
20052203,200,29,3,0
20052204,321,24,6,0
20052205,234,36,3,1
20052206,258,16,2,0
20052207,688,21,1,1
20052208,164,43,2,1
20052209,238,22,4,0
20052210,231,27,8,0
20052211,249,35,8,1
20052212,218,55,5,0
20052213,173,35,3,0
20060101,179,21,2,0
20060102,276,27,2,0
20060103,330,4,3,0
20060104,238,26,3,0
20060105,397,22,3,0
20060106,304,30,6,0
20060107,223,16,5,0
20060108,272,32,3,0
20060109,183,13,3,0
20060110,135,6,1,0
20060111,225,20,0,0
20060112,208,39,1,0
20060201,344,25,2,2
20060202,310,16,0,0
20060203,218,14,0,0
20060204,231,13,0,0
20060205,212,8,0,0
20060206,319,10,0,0
20060207,327,18,0,0
20060208,333,16,5,0
20060209,210,40,0,0
20060210,303,13,3,0
20060211,386,24,5,0
20060301,305,41,2,0
20060302,256,36,5,0
20060303,259,52,4,0
20060304,224,19,0,0
20060305,238,18,0,0
20060306,323,23,1,0
20060307,351,9,0,0
20060308,277,18,2,0
20060309,363,59,2,2
20060310,352,31,0,0
20060401,180,18,1,0
20060402,202,15,6,0
20060403,297,28,3,0
20060404,294,16,2,0
20060405,253,29,3,0
20060406,280,24,4,0
20060407,220,10,3,1
20060408,314,35,5,0
20060409,283,26,4,0
20060410,294,39,3,0
20060411,316,24,1,1
20060501,324,41,10,0
20060502,426,22,1,0
20060503,319,46,1,0
20060504,268,21,2,0
20060505,351,22,1,1
20060506,287,12,0,1
20060507,274,25,4,0
20060508,195,8,0,0
20060509,226,9,1,0
20060510,338,44,1,0
20060511,394,8,1,0
20060512,147,10,1,0
20060601,482,55,0,0
20060602,723,33,22,3
20060603,499,3,0,0
20060604,213,12,0,0
20060605,192,7,0,0
20060606,323,6,0,0
20060607,325,22,1,0
20060608,364,38,3,0
20060609,341,9,2,0
20060701,247,32,1,0
20060702,308,27,0,0
20060703,259,17,1,0
20060704,313,42,4,0
20060705,305,50,2,0
20060706,250,6,0,0
20060707,368,22,0,0
20060708,248,36,1,0
20060709,243,67,7,0
20060710,291,21,0,0
20060711,257,2,0,0
20060712,212,46,2,0
20060713,223,8,0,0
20060801,287,48,17,0
20060802,362,85,0,0
20060803,226,6,2,0
20060804,285,3,0,0
20060805,205,19,2,0
20060806,463,37,0,0
20060807,283,15,6,0
20060808,369,21,1,0
20060809,229,24,0,0
20060810,303,22,0,0
20060901,287,8,0,0
20060902,248,10,0,0
20060903,259,19,0,0
20060904,418,9,0,0
20060905,161,7,0,0
20060906,335,40,2,0
20060907,242,4,0,0
20060908,189,4,0,0
20060909,330,28,0,2
20060910,300,18,1,0
20061001,282,17,0,0
20061002,267,18,0,0
20061003,364,12,0,0
20061004,275,43,7,0
20061005,413,37,0,0
20061006,407,42,0,0
20061007,292,14,1,0
20061008,521,32,0,0
20061009,238,7,0,0
20061010,454,3,0,0
20061101,407,13,1,0
20061102,224,10,0,0
20061103,357,7,1,0
20061104,329,12,0,0
20061105,228,19,0,0
20061106,286,13,0,0
20061107,304,21,0,0
20061108,348,15,1,0
20061109,261,14,0,0
20061110,207,17,3,0
20061201,230,22,3,1
20061202,195,6,2,0
20061203,249,26,4,0
20061204,182,9,0,0
20061205,354,28,0,0
20061206,229,12,0,0
20061207,321,15,1,0
20061208,276,24,1,0
20061209,289,46,12,1
20061210,231,4,0,0
20061211,349,15,1,0
20061212,198,3,0,0
20061301,297,6,0,0
20061302,555,29,0,0
20061303,290,3,0,0
20061304,429,25,2,0
20061305,344,10,0,0
20061306,248,18,0,0
20061307,340,19,4,0
20061308,409,41,19,0
20061309,390,17,2,0
20061401,361,16,0,0
20061402,218,29,1,1
20061403,337,35,3,0
20061404,490,35,0,0
20061405,396,5,0,0
20061406,465,18,0,0
20061407,226,6,0,0
20061408,207,9,0,0
20061409,275,27,3,0
20061410,366,17,3,0
20061501,271,11,0,0
20061502,701,47,3,0
20061503,346,10,0,0
20061504,247,19,0,0
20061505,319,1,0,0
20061506,255,24,0,0
20061507,286,44,0,0
20061508,402,36,1,0
20061509,210,14,0,0
20061510,279,18,2,0
20061601,268,12,1,0
20061602,268,8,0,0
20061603,362,19,2,1
20061604,283,18,2,0
20061605,315,43,1,0
20061606,346,60,5,0
20061607,340,37,4,0
20061608,460,44,3,0
20061609,387,22,0,0
20061610,454,30,4,1
20061611,361,21,2,0
20061701,403,10,3,0
20061702,399,18,0,0
20061703,284,19,0,1
20061704,341,14,0,0
20061705,744,55,1,0
20061706,481,25,1,0
20061707,260,10,2,1
20061801,234,24,1,0
20061802,210,32,0,0
20061803,217,34,1,0
20061804,298,8,0,0
20061805,363,15,2,0
20061806,387,38,0,0
20061807,478,16,1,0
20061808,457,44,3,0
20061809,386,6,0,0
20061901,360,20,1,0
20061902,595,34,3,0
20061903,556,40,1,0
20061904,417,15,0,0
20061905,279,24,0,0
20061906,396,34,2,0
20061907,418,19,3,0
20061908,404,14,4,0
20062001,200,8,0,0
20062002,243,10,0,0
20062003,422,20,2,0
20062004,244,10,1,0
20062005,360,15,0,0
20062006,342,16,0,0
20062007,248,5,1,0
20062008,467,7,1,0
20062009,292,19,4,0
20062010,369,8,2,0
20062101,252,37,0,0
20062102,412,36,2,0
20062103,412,33,1,0
20062104,235,19,6,0
20062105,301,24,0,0
20062106,166,62,1,0
20062107,319,43,7,0
20062108,406,45,3,0
20062109,270,18,1,0
20062110,350,12,0,0
20062111,308,65,4,1
20070101,169,27,1,0
20070102,248,26,10,0
20070103,270,30,2,0
20070104,191,33,12,0
20070105,146,13,3,0
20070106,186,29,2,0
20070107,153,16,0,0
20070108,275,23,0,0
20070109,246,20,1,0
20070110,330,28,7,0
20070201,236,36,2,0
20070202,300,54,1,0
20070203,246,37,5,0
20070204,495,91,4,2
20070205,313,37,1,0
20070206,340,33,1,0
20070207,224,12,3,0
20070208,272,19,1,0
20070209,371,10,1,0
20070301,256,37,3,0
20070302,304,32,6,0
20070303,427,30,1,0
20070304,326,13,6,0
20070305,280,22,1,0
20070306,287,19,5,0
20070307,389,45,2,2
20070308,269,26,0,0
20070309,213,53,2,0
20070310,402,17,0,0
20070401,341,172,0,0
20070402,302,2,0,0
20070403,374,20,4,3
20070404,510,14,1,0
20070405,260,16,2,0
20070406,273,12,1,0
20070407,326,14,3,2
20070408,259,7,0,1
20070409,192,18,0,0
20070410,341,18,0,0
20070501,296,27,9,0
20070502,209,8,1,0
20070503,270,27,2,0
20070504,416,34,2,0
20070505,430,19,2,0
20070506,256,11,0,0
20070507,252,9,3,0
20070508,296,39,2,0
20070509,371,56,3,0
20070601,354,13,3,0
20070602,238,2,0,0
20070603,192,20,8,12
20070604,258,14,2,0
20070605,369,31,10,0
20070606,317,25,4,0
20070607,361,16,0,0
20070608,174,9,0,0
20070609,261,9,0,0
20070701,231,13,0,0
20070702,143,52,1,0
20070703,408,0,0,0
20070704,228,6,0,0
20070705,249,11,0,0
20070706,302,49,2,0
20070707,159,52,5,0
20070708,201,15,1,0
20070709,349,28,0,0
20070710,347,2,0,0
20070711,276,4,0,0
20070801,298,4,0,0
20070802,301,33,5,0
20070803,228,18,0,0
20070804,287,60,0,0
20070805,333,26,4,0
20070806,301,62,1,0
20070807,287,13,14,0
20070808,327,25,2,0
20070901,239,8,0,0
20070902,242,27,3,1
20070903,219,3,1,0
20070904,299,28,1,0
20070905,175,21,0,0
20070906,341,6,1,0
20070907,297,24,0,0
20070908,330,44,2,1
20070909,248,14,16,0
20070910,287,14,0,0
20070911,206,18,0,0
20071001,272,28,1,0
20071002,158,19,1,0
20071003,215,34,3,0
20071004,280,9,0,0
20071005,217,22,0,0
20071006,322,23,2,0
20071007,293,37,5,0
20071008,385,35,3,0
20071009,263,34,2,0
20071010,287,27,3,0
20071101,271,33,0,0
20071102,384,15,0,0
20071103,327,34,0,0
20071104,355,18,2,0
20071105,205,19,1,0
20071106,255,11,0,0
20071107,481,8,0,0
20071108,404,38,2,0
20071109,348,13,1,1
20071110,234,7,0,0
20071201,388,27,2,0
20071202,197,14,2,0
20071203,242,27,5,0
20071204,288,24,0,0
20071205,269,23,0,0
20071206,279,16,0,0
20071207,186,25,0,0
20071208,163,33,4,0
20071209,248,30,4,0
20071301,278,31,4,0
20071302,263,25,2,0
20071303,364,18,7,1
20071304,206,7,0,0
20071305,298,26,2,0
20071306,248,8,4,0
20071307,189,7,0,0
20071308,168,17,2,0
20071309,148,12,1,0
20071310,168,22,2,0
20071311,236,10,2,0
20071312,197,12,1,0
20071313,178,9,3,1
20071314,189,13,1,1
20071315,173,8,1,0
20071401,248,38,2,0
20071402,267,26,3,0
20071403,217,12,7,0
20071404,225,19,0,0
20071405,221,37,5,0
20071406,305,35,2,0
20071407,233,23,1,0
20071408,237,29,6,0
20071409,233,34,3,0
20071410,186,32,7,0
20071411,270,21,8,1
20071412,276,27,4,0
20071413,197,21,5,0
20071501,123,34,8,0
20071502,221,25,7,0
20071503,223,69,4,0
20071504,197,20,5,0
20071505,192,25,6,0
20071506,316,12,1,1
20071507,224,56,0,0
20071508,195,36,2,0
20071509,336,17,0,0
20071510,215,56,14,2
20071511,237,66,13,0
20071601,225,11,6,0
20071602,199,29,3,0
20071603,208,16,5,0
20071604,141,38,3,0
20071605,210,45,3,0
20071606,260,20,21,2
20071607,226,58,8,0
20071608,300,22,12,4
20071609,248,38,10,1
20071701,157,107,58,6
20071702,49,195,44,9
20071703,61,127,16,3
20071704,53,163,23,7
20071705,15,58,22,5
20071706,161,143,45,3
20071707,61,281,98,14
20071708,47,81,19,3
20071709,68,219,32,10
20071710,42,142,21,9
20071711,19,57,9,2
20071801,56,219,64,3
20071802,20,81,17,1
20071803,94,67,60,9
20071804,18,44,50,7
20071805,20,54,31,0
20071806,88,135,51,6
20071807,66,21,168,0
20071808,36,43,140,0
20071809,67,130,41,20
20071810,76,163,91,2
20071811,53,72,55,19
20071901,74,72,25,0
20071902,127,116,13,2
20071903,127,82,15,8
20071904,175,88,12,2
20071905,158,114,19,4
20071906,281,116,25,0
20072001,338,27,2,0
20072002,163,17,4,0
20072003,213,24,3,0
20072004,152,20,7,1
20072005,234,22,7,0
20072006,213,49,6,1
20072007,177,23,4,0
20072008,391,20,6,0
20072009,210,43,10,0
20072010,261,60,7,0
20072011,263,44,2,0
20072012,166,28,11,0
20072013,389,143,30,0
20072101,347,46,3,0
20072102,425,17,0,0
20072103,373,42,4,0
20072104,232,5,0,0
20072105,212,23,3,0
20072106,397,14,0,0
20072107,284,11,1,0
20072108,161,11,0,0
20072109,238,48,0,0
20072110,317,33,1,0
20072111,278,15,1,0
20072112,233,17,6,0
20072201,277,8,0,0
20072202,307,33,2,0
20072203,334,18,3,0
20072204,344,18,7,1
20072205,332,40,2,0
20072206,311,16,2,0
20072207,194,17,2,0
20072208,204,26,2,0
20072209,208,11,0,0
20072210,225,29,5,1
20072211,260,18,2,0
20072212,219,33,1,0
20072213,247,36,0,0
20072301,265,16,4,0
20072302,349,21,0,1
20072303,265,21,25,3
20072304,244,21,0,0
20072305,226,40,2,0
20072306,227,41,3,2
20072307,268,28,0,0
20072308,231,22,4,0
20072309,239,28,1,0
20072401,298,39,3,1
20072402,233,33,11,0
20072403,277,58,11,0
20072404,322,42,6,1
20072405,282,44,7,0
20072406,324,26,4,0
20072407,231,23,7,0
20072408,273,38,3,0
20072409,284,34,6,1
20072410,245,50,7,1
20072411,309,37,8,0
20080101,179,40,40,1
20080102,175,207,38,8
20080103,88,88,78,3
20080104,47,142,192,18
20080105,99,75,204,1
20080106,111,155,138,4
20080107,119,79,162,0
20080108,182,118,36,2
20080109,199,261,96,16
20080110,99,160,128,5
20080111,7,23,36,1
20080112,190,440,228,16
20080201,230,102,35,0
20080202,132,24,5,0
20080203,104,42,8,0
20080204,155,58,29,1
20080205,123,42,8,0
20080206,129,100,11,0
20080207,304,85,7,0
20080208,235,34,13,0
20080209,209,45,6,0
20080210,135,33,7,0
20080301,203,48,10,0
20080302,198,46,4,0
20080303,142,22,8,0
20080304,177,39,12,1
20080305,182,24,9,0
20080306,90,25,5,0
20080307,180,22,2,1
20080308,53,147,169,53
20080309,112,151,96,6
20080310,110,100,88,5
20080401,185,56,5,0
20080402,147,24,2,0
20080403,168,30,4,0
20080404,198,12,4,0
20080405,228,76,4,1
20080406,269,63,5,1
20080407,188,53,12,0
20080408,206,52,7,0
20080409,221,19,4,0
20080410,245,46,5,0
20080411,190,31,5,0
20080501,226,39,1,1
20080502,195,46,10,0
20080503,187,49,9,0
20080504,240,35,6,1
20080505,142,26,2,0
20080506,199,57,6,0
20080507,222,86,10,1
20080508,142,49,13,0
20080509,249,19,0,0
20080510,373,35,0,0
20080511,285,30,0,0
20080601,252,45,1,0
20080602,347,42,0,0
20080603,339,56,2,0
20080604,157,19,7,0
20080605,244,50,14,0
20080606,171,22,20,1
20080607,135,43,18,0
20080608,195,29,7,0
20080609,235,23,6,0
20080610,151,31,7,0
20080611,110,40,9,2
20080701,123,98,69,1
20080702,120,162,80,6
20080703,89,144,108,7
20080704,42,127,127,6
20080705,117,193,129,14
20080706,39,122,76,1
20080707,110,259,99,7
20080708,53,141,172,8
20080709,68,262,136,13
20080710,21,70,67,2
20080711,95,148,68,10
20080712,195,57,64,1
20080713,113,100,38,2
20080714,7,152,55,21
20080801,228,23,11,0
20080802,240,23,7,0
20080803,195,21,1,0
20080804,278,13,7,1
20080805,214,17,3,0
20080806,264,25,10,0
20080807,252,25,3,0
20080808,157,22,2,1
20080809,175,14,6,0
20080810,225,19,5,1
20080811,248,58,24,1
20080901,216,37,6,0
20080902,222,37,13,0
20080903,306,26,14,0
20080904,151,9,1,0
20080905,281,29,9,0
20080906,196,78,2,0
20080907,201,36,5,1
20080908,196,18,2,0
20080909,261,23,6,1
20081001,215,25,2,0
20081002,199,20,2,0
20081003,244,129,2,0
20081004,591,83,22,3
20081005,713,88,4,0
20081006,462,45,14,10
20081007,459,61,13,0
20081008,288,10,11,0
20081101,595,209,11,0
20081102,436,185,39,11
20081103,819,172,7,0
20081104,487,114,13,0
20081105,327,101,14,2
20081201,229,55,7,2
20081202,287,37,6,0
20081203,267,42,7,0
20081204,173,42,11,0
20081205,270,41,3,0
20081206,200,34,6,0
20081207,187,50,4,0
20081301,3,4,0,4
20081302,77,13,6,0
20081303,176,55,17,0
20081304,199,50,17,0
20081305,222,48,8,0
20081306,161,20,13,0
20081307,176,40,9,1
20081308,207,48,14,1
20081401,122,151,45,0
20081402,111,124,13,2
20081403,122,161,15,2
20081404,217,158,166,69
20081405,234,63,21,0
20081406,158,34,7,0
20081407,198,50,23,0
20081408,186,44,10,1
20081409,166,52,10,1
20081410,142,79,12,0
20081501,63,155,102,143
20081502,68,240,169,8
20081503,55,38,29,1
20081504,17,38,39,3
20081505,265,182,151,15
20081506,39,60,72,11
20081507,52,81,79,5
20081508,63,89,118,4
20081509,142,77,38,3
20081510,269,45,27,0
20081601,201,77,6,1
20081602,162,3,0,0
20081603,208,67,5,0
20081604,192,60,1,3
20081605,202,64,1,1
20081606,188,60,7,0
20081607,189,57,10,0
20081608,188,16,0,0
20081609,242,23,3,0
20081610,183,63,2,0
20081701,140,34,17,5
20081702,202,18,1,0
20081703,225,79,9,0
20081704,214,70,4,0
20081705,161,9,0,0
20090101,195,9,0,0
20090102,160,20,0,0
20090103,236,8,3,0
20090104,239,11,3,0
20090105,252,22,4,0
20090106,198,37,2,1
20090107,202,43,4,0
20090108,230,28,2,0
20090109,327,14,0,0
20090201,322,20,4,0
20090202,247,42,4,1
20090203,308,11,2,0
20090204,364,48,1,0
20090205,382,17,3,0
20090206,226,15,3,0
20090207,270,21,3,0
20090208,217,20,2,0
20090209,343,8,2,0
20090210,261,32,0,0
20090211,312,22,3,0
20090212,194,21,2,0
20090301,226,18,1,0
20090302,215,26,2,0
20090303,223,0,1,0
20090304,213,13,6,0
20090305,234,17,4,0
20090306,280,11,1,0
20090307,299,4,2,0
20090308,253,11,3,0
20090309,217,27,2,0
20090310,253,14,4,1
20090311,242,27,6,0
20090312,175,13,0,0
20090313,217,33,4,1
20090401,290,45,1,0
20090402,230,70,3,1
20090403,290,44,1,0
20090404,291,22,2,1
20090405,260,37,4,1
20090406,204,31,6,0
20090407,227,27,1,0
20090408,228,18,6,2
20090409,217,22,4,0
20090410,225,10,0,0
20090411,301,27,2,0
20090501,251,35,5,0
20090502,254,40,4,0
20090503,232,19,3,0
20090504,259,25,6,0
20090505,350,19,5,0
20090506,280,23,1,0
20090507,247,50,5,0
20090508,238,30,2,0
20090509,266,54,4,0
20090510,274,33,3,0
20090511,267,22,3,0
20090601,335,61,1,0
20090602,220,29,1,0
20090603,306,44,14,0
20090604,293,40,4,0
20090605,342,30,0,0
20090606,213,32,5,0
20090607,328,33,3,0
20090608,227,40,6,0
20090609,351,7,1,0
20090610,284,28,4,0
20090611,239,23,12,0
20090612,230,30,6,0
20090701,234,25,2,0
20090702,266,29,0,1
20090703,200,12,1,0
20090704,222,11,4,0
20090705,229,20,2,1
20090706,235,33,2,0
20090707,192,26,1,0
20090708,227,39,3,0
20090709,267,22,6,0
20090710,197,33,2,2
20090711,229,36,6,0
20090712,263,35,1,0
20090713,282,28,4,0
20090714,239,41,3,0
20090801,209,48,6,1
20090802,250,26,1,0
20090803,255,26,1,0
20090804,250,27,2,1
20090805,257,59,6,1
20090806,288,42,13,0
20090807,224,66,10,0
20090808,262,45,13,1
20090809,200,24,8,0
20090810,239,40,15,4
20090811,227,49,12,1
20090812,250,57,8,0
20090813,161,30,7,0
20090901,238,12,11,0
20090902,191,46,4,1
20090903,295,71,7,0
20090904,152,22,12,0
20090905,194,47,3,0
20090906,234,52,7,3
20090907,248,40,6,0
20090908,157,16,6,0
20090909,200,35,5,0
20090910,221,45,4,0
20090911,189,52,6,0
20090912,161,46,11,0
20090913,152,37,6,0
20090914,262,28,16,0
20091001,237,43,6,2
20091002,289,23,6,0
20091003,251,48,13,0
20091004,210,14,5,0
20091005,283,45,5,0
20091006,210,19,1,0
20091007,208,20,4,0
20091008,295,17,1,0
20091009,147,20,0,0
20091010,270,31,1,0
20091011,228,12,0,0
20091012,180,42,0,0
20091101,344,55,3,0
20091102,290,43,11,0
20091103,241,22,8,0
20091104,300,41,3,0
20091105,335,25,8,1
20091106,233,58,6,0
20091107,321,32,3,1
20091108,253,18,4,0
20091109,228,40,6,0
20091110,257,21,7,0
20091111,277,19,8,0
20091112,310,39,16,0
20091201,258,59,6,1
20091202,137,30,1,0
20091203,222,34,7,0
20091204,231,35,5,0
20091205,206,41,8,0
20091206,252,52,11,1
20091207,209,28,5,0
20091208,257,50,5,0
20091209,231,45,4,0
20091210,272,53,7,1
20091211,230,54,9,0
20091212,175,26,4,0
20091301,218,39,7,0
20091302,359,10,6,0
20091303,299,44,16,1
20091304,192,27,8,0
20091305,229,47,12,0
20091306,139,38,6,1
20091307,274,54,18,1
20091401,246,75,20,0
20091402,238,29,3,0
20091403,192,28,11,0
20091404,114,47,23,0
20091405,95,114,111,4
20091406,164,152,220,7
20091407,63,107,79,4
20091408,74,133,126,0
20091409,111,53,15,1
20091410,85,137,174,4
20091501,165,26,6,1
20091502,189,27,9,1
20091503,202,56,8,1
20091504,168,51,19,2
20091505,253,49,10,0
20091506,277,22,5,0
20091507,288,25,6,0
20091508,194,39,18,5
20091509,221,29,7,0
20091510,167,34,6,1
20091511,225,50,8,0
20091601,246,28,8,0
20091602,253,36,5,0
20091603,154,18,8,1
20091604,171,43,10,1
20091605,168,48,9,0
20091606,255,41,10,0
20091607,246,55,8,0
20091608,221,38,13,1
20091609,265,49,5,1
20091610,247,34,4,0
20091611,208,30,0,0
20091612,240,14,0,0
20091613,235,43,6,0
20100101,215,30,1,0
20100102,287,33,3,0
20100103,285,47,2,0
20100104,226,45,1,0
20100105,217,18,1,0
20100106,223,32,2,0
20100107,209,35,3,1
20100108,317,23,1,0
20100201,287,30,2,1
20100202,201,39,4,0
20100203,203,25,2,0
20100204,230,59,4,0
20100205,241,42,4,0
20100206,326,48,5,0
20100207,302,28,1,0
20100208,277,26,1,0
20100301,204,11,0,0
20100302,251,29,1,0
20100303,267,21,0,0
20100304,197,9,0,0
20100305,246,14,1,0
20100306,236,26,3,0
20100307,321,15,1,0
20100308,296,33,4,1
20100401,330,26,1,0
20100402,337,42,2,0
20100403,262,24,5,0
20100404,259,23,3,0
20100405,238,29,2,0
20100406,182,32,4,0
20100407,258,26,3,0
20100408,229,29,4,0
20100409,232,32,1,0
20100501,175,46,5,0
20100502,249,32,4,0
20100503,314,29,0,0
20100504,290,14,0,0
20100505,256,31,4,0
20100506,295,24,0,0
20100507,257,36,8,0
20100508,328,20,2,0
20100509,228,19,3,0
20100510,205,48,4,0
20100511,203,35,4,0
20100512,232,19,3,0
20100513,256,18,3,1
20100514,232,23,4,1
20100601,202,18,2,1
20100602,204,31,1,0
20100603,345,26,1,0
20100604,291,21,0,0
20100605,289,47,3,0
20100606,251,30,2,0
20100607,229,51,2,0
20100608,305,25,4,0
20100609,300,53,1,0
20100610,298,62,8,1
20100611,244,9,1,0
20100612,248,11,0,0
20100613,360,17,6,2
20100701,307,36,4,0
20100702,364,30,3,0
20100703,409,38,4,0
20100704,392,26,5,1
20100705,324,32,1,0
20100706,313,17,7,1
20100707,401,103,2,0
20100708,325,22,0,0
20100709,273,34,5,0
20100710,345,31,9,0
20100801,302,74,6,0
20100802,368,38,2,0
20100803,258,27,0,0
20100804,309,42,3,1
20100805,225,32,3,0
20100806,242,39,3,0
20100807,354,41,7,0
20100808,354,34,7,0
20100809,227,30,0,0
20100901,289,29,2,1
20100902,243,54,9,0
20100903,265,14,6,0
20100904,278,25,3,0
20100905,265,18,3,0
20100906,297,30,4,0
20100907,280,17,4,0
20100908,212,30,4,0
20100909,214,29,4,0
20100910,201,31,2,0
20101001,262,12,1,0
20101002,292,48,5,0
20101003,276,20,0,1
20101004,249,19,1,0
20101005,287,10,2,0
20101006,298,9,0,0
20101007,271,25,2,0
20101008,220,27,5,1
20101009,302,31,5,0
20101010,237,14,4,0
20101011,270,13,4,0
20101012,285,44,7,0
20101101,281,16,2,0
20101102,375,25,4,2
20101103,268,63,7,0
20101104,319,25,2,0
20101105,197,55,4,0
20101106,156,20,5,0
20101107,302,21,7,0
20101108,315,22,1,0
20101109,271,72,2,0
20101110,222,41,0,0
20101111,238,6,0,0
20101201,317,13,1,0
20101202,332,31,1,0
20101203,239,18,2,1
20101204,204,23,8,0
20101205,134,15,2,0
20101206,181,10,0,0
20101207,189,33,2,1
20101208,282,9,0,0
20101209,281,25,1,0
20101210,218,20,0,1
20101301,170,40,2,0
20101302,226,19,1,0
20101303,218,29,11,0
20101304,204,33,2,0
20101305,263,34,3,1
20101306,244,15,5,1
20101307,234,10,0,0
20101308,254,30,0,0
20101309,248,25,3,0
20101310,201,27,1,0
20101311,269,5,2,0
20101312,254,8,0,0
20101401,282,30,2,0
20101402,266,33,5,0
20101403,303,10,3,1
20101404,241,36,2,1
20101405,241,10,5,0
20101406,181,16,2,0
20101407,246,19,1,0
20101408,214,28,5,0
20101409,263,52,5,0
20101410,308,22,1,0
20101411,210,47,2,0
20101501,229,12,5,0
20101502,305,37,1,0
20101503,160,32,6,0
20101504,227,13,1,0
20101505,269,21,3,0
20101506,212,25,1,0
20101507,196,19,3,0
20101508,266,49,18,0
20101509,420,33,1,0
20101601,241,22,1,0
20101602,345,37,4,0
20101603,210,23,11,3
20101604,283,48,1,0
20101605,342,32,6,0
20101606,286,46,6,0
20101607,270,16,1,1
20101608,276,21,1,0
20101609,279,42,5,1
20101701,299,7,4,0
20101702,307,40,4,0
20101703,316,33,4,0
20101704,360,15,3,0
20101705,242,44,10,0
20101706,255,30,7,0
20101707,237,23,9,0
20101708,201,15,2,0
20101709,205,9,1,0
20101710,232,31,1,0
20101801,232,18,3,0
20101802,244,21,0,0
20101803,295,23,1,0
20101804,339,29,5,0
20101805,259,15,1,0
20101806,265,8,2,1
20101807,328,27,4,0
20101808,159,18,1,0
20101809,330,26,4,0
20101810,142,28,5,0
20101811,166,39,5,0
20101812,248,39,3,0
20101901,207,30,4,0
20101902,368,35,5,0
20101903,231,62,4,1
20101904,301,22,2,0
20101905,326,5,10,0
20101906,229,28,6,1
20101907,305,12,5,0
20101908,186,11,4,0
20101909,243,26,3,0
20101910,331,39,6,2
20101911,275,49,5,0
20101912,361,40,1,0
20110101,265,51,4,0
20110102,294,19,1,0
20110103,208,28,3,0
20110104,270,41,1,0
20110105,189,22,5,0
20110106,240,29,1,0
20110107,213,33,1,1
20110108,254,11,3,0
20110109,260,40,1,0
20110110,299,19,2,0
20110111,351,44,1,0
20110112,227,34,5,0
20110201,247,23,3,0
20110202,308,11,2,0
20110203,269,12,3,0
20110204,198,21,2,0
20110205,349,22,6,0
20110206,313,11,6,0
20110207,293,7,3,0
20110208,262,25,5,0
20110209,212,20,1,0
20110210,325,16,0,1
20110211,315,7,0,0
20110301,252,10,0,0
20110302,277,12,3,0
20110303,216,15,2,0
20110304,188,19,1,0
20110305,214,12,1,0
20110306,279,6,1,0
20110307,251,11,1,0
20110308,276,19,0,0
20110309,271,23,0,0
20110310,292,3,1,0
20110311,245,5,2,0
20110312,258,20,1,1
20110401,267,7,2,0
20110402,243,11,1,1
20110403,203,14,1,0
20110404,266,22,1,0
20110405,296,5,1,0
20110406,220,13,2,0
20110407,268,7,0,0
20110408,263,11,3,1
20110409,286,21,0,0
20110410,250,23,2,0
20110411,266,34,9,0
20110412,322,18,2,0
20110413,269,36,1,0
20110501,207,31,1,0
20110502,268,28,8,0
20110503,294,18,2,0
20110504,229,20,0,0
20110505,299,33,1,0
20110506,290,19,3,0
20110507,261,10,2,0
20110508,278,17,3,0
20110509,243,34,2,0
20110510,287,40,2,0
20110601,261,22,2,0
20110602,326,22,2,0
20110603,292,43,9,0
20110604,301,25,0,0
20110605,250,44,3,0
20110606,247,48,3,0
20110607,254,29,3,0
20110608,242,34,2,0
20110609,232,45,0,1
20110610,226,31,3,1
20110611,256,38,3,0
20110701,136,16,2,0
20110702,294,21,2,1
20110703,262,29,2,0
20110704,295,19,2,0
20110705,316,24,5,0
20110706,263,22,2,0
20110707,239,26,2,0
20110708,226,10,4,0
20110709,253,39,2,1
20110710,255,23,4,0
20110711,281,34,3,0
20110712,245,42,4,0
20110801,303,33,0,0
20110802,285,43,1,0
20110803,199,10,0,0
20110804,321,6,0,0
20110805,244,17,0,0
20110806,330,26,7,0
20110807,308,20,2,0
20110808,329,17,3,0
20110809,334,24,1,0
20110901,272,33,1,1
20110902,280,12,1,0
20110903,333,32,6,0
20110904,231,19,0,0
20110905,282,9,0,0
20110906,226,18,0,0
20110907,288,14,0,0
20110908,273,33,1,0
20110909,221,23,0,0
20110910,319,7,0,0
20110911,219,24,2,0
20110912,293,1,0,0
20111001,258,32,3,0
20111002,341,26,1,0
20111003,306,8,0,0
20111004,286,41,0,0
20111005,360,22,1,0
20111006,438,14,1,0
20111007,305,26,0,0
20111008,298,13,2,0
20111009,290,22,0,1
20111010,222,25,0,0
20111101,245,14,1,0
20111102,258,44,0,0
20111103,248,52,6,1
20111104,81,10,2,0
20111105,294,25,4,0
20111106,298,57,1,0
20111107,257,34,5,0
20111108,265,34,2,0
20111109,227,10,1,0
20111201,215,14,0,0
20111202,194,22,1,0
20111203,298,39,5,1
20111204,255,14,0,0
20111205,201,28,1,0
20111206,292,20,1,0
20111207,231,17,2,0
20111208,261,3,0,0
20111209,215,12,1,0
20111210,225,30,1,0
20111301,291,52,0,0
20111302,330,51,0,0
20111303,294,17,0,0
20111304,309,27,8,0
20111305,350,32,3,0
20111306,317,32,3,0
20111307,282,13,1,0
20111308,258,18,0,0
20111309,330,17,14,0
20111310,237,10,1,0
20111311,298,28,1,0
20111401,297,58,3,0
20111402,302,25,2,0
20111403,317,39,4,0
20111404,248,26,1,0
20111405,276,31,6,0
20111406,367,27,2,0
20111407,631,47,2,0
20111501,311,29,2,0
20111502,292,28,1,0
20111503,316,33,3,0
20111504,322,19,3,2
20111505,260,57,2,0
20111506,275,20,7,0
20111507,251,24,5,0
20111508,325,21,1,1
20111509,311,19,0,0
20111510,297,17,10,0
20111511,345,34,5,0
20111601,282,26,2,0
20111602,339,10,3,0
20111603,228,28,0,1
20111604,224,21,0,1
20111605,250,25,3,0
20111606,279,29,0,0
20111607,313,29,0,2
20111608,349,29,0,0
20111609,236,16,0,0
20111610,206,19,3,0
20111701,250,30,4,0
20111702,227,48,4,0
20111703,294,20,6,0
20111704,229,66,9,2
20111705,223,21,5,0
20111706,320,54,10,0
20111707,293,12,3,0
20111708,257,38,2,0
20111801,199,28,1,0
20111802,240,42,2,0
20111803,243,23,4,0
20111804,298,26,0,0
20111805,284,20,5,0
20111806,426,66,14,0
20111807,276,21,6,0
20111808,254,72,1,1
20111809,251,31,4,0
20111901,180,27,3,0
20111902,285,30,1,0
20111903,230,46,2,0
20111904,295,28,4,0
20111905,252,28,6,0
20111906,298,26,1,0
20111907,272,27,6,0
20111908,235,55,3,0
20111909,277,41,4,0
20112001,308,30,6,0
20112002,300,9,3,0
20112003,274,74,11,0
20112004,244,34,3,0
20112005,248,60,6,0
20112006,209,22,4,0
20112007,206,18,1,0
20112008,185,3,1,0
20112009,243,11,2,0
20112010,266,19,0,0
20112011,190,52,4,0
20112101,292,21,3,0
20112102,243,12,2,1
20112103,380,22,3,0
20112104,280,23,8,0
20112105,341,37,4,1
20112106,314,35,2,0
20112107,236,23,1,0
20112108,215,30,4,0
20112109,211,7,0,0
20112110,242,29,7,0
20112111,314,40,10,1
20112201,247,51,1,0
20112202,301,43,3,1
20112203,319,24,3,2
20112204,200,53,6,0
20112205,271,27,1,2
20112206,352,30,1,0
20112207,318,18,4,0
20112208,257,5,2,0
20112209,224,30,5,0
20112210,271,25,2,0
20112211,216,16,4,0
20120101,167,21,0,0
20120102,163,29,0,0
20120103,163,13,0,0
20120104,244,20,2,0
20120105,193,7,5,1
20120106,229,44,3,0
20120107,313,11,4,0
20120108,150,25,2,1
20120109,289,55,5,0
20120110,302,44,4,0
20120111,320,43,2,0
20120201,277,28,6,1
20120202,254,53,2,0
20120203,317,63,1,0
20120204,328,41,3,0
20120205,331,39,1,0
20120206,288,39,8,0
20120207,284,22,10,0
20120208,298,32,4,1
20120301,92,11,1,0
20120302,198,24,3,0
20120303,229,28,4,0
20120304,217,41,1,0
20120305,243,42,4,0
20120306,261,63,11,0
20120307,307,59,10,0
20120308,218,29,3,0
20120309,170,27,7,0
20120310,222,60,4,0
20120311,248,28,2,0
20120401,226,18,1,0
20120402,213,45,10,0
20120403,319,63,1,0
20120404,246,26,5,1
20120405,212,18,1,0
20120406,263,26,1,0
20120407,461,35,0,0
20120408,238,34,9,0
20120409,184,33,3,2
20120410,188,28,7,0
20120501,178,24,1,1
20120502,240,37,2,0
20120503,492,32,4,0
20120504,243,31,0,1
20120505,304,32,9,0
20120506,266,21,0,0
20120507,307,10,4,0
20120508,346,64,3,0
20120509,225,74,3,0
20120510,254,18,4,0
20120511,277,30,7,1
20120601,286,13,0,0
20120602,323,22,2,1
20120603,234,18,1,0
20120604,296,28,1,0
20120605,329,40,13,0
20120606,292,39,7,0
20120607,315,10,4,0
20120608,250,34,1,0
20120609,241,58,1,1
20120610,276,17,2,1
20120701,268,43,2,0
20120702,258,37,3,0
20120703,293,18,4,0
20120704,278,42,1,0
20120705,241,22,0,1
20120706,289,52,1,1
20120707,267,25,5,0
20120708,326,29,3,0
20120709,523,24,3,0
20120710,394,71,4,0
20120801,328,64,14,0
20120802,251,17,1,0
20120803,288,28,3,0
20120804,216,35,5,0
20120805,299,41,0,0
20120806,322,20,1,0
20120807,321,27,11,0
20120808,376,31,1,0
20120809,362,23,1,1
20120810,202,61,6,0
20120811,223,19,0,0
20120901,266,43,4,2
20120902,345,50,5,0
20120903,309,54,14,0
20120904,325,52,6,0
20120905,322,26,5,1
20120906,327,31,4,3
20120907,272,22,4,0
20121001,270,41,10,0
20121002,330,44,4,0
20121003,248,24,9,1
20121004,222,34,0,0
20121005,254,33,5,0
20121006,301,38,3,0
20121007,215,31,0,1
20121008,457,9,3,0
20121009,271,31,5,0
20121010,198,50,7,0
20121011,284,33,5,0
20121101,292,23,4,0
20121102,240,16,2,1
20121103,189,52,2,0
20121104,286,33,5,1
20121105,217,45,19,3
20121106,278,25,3,1
20121107,302,13,4,0
20121108,303,22,0,0
20121109,366,4,0,0
20121110,225,38,2,1
20121111,231,40,1,0
20121201,261,9,0,0
20121202,473,17,3,1
20121203,467,16,2,0
20121204,307,42,0,0
20121205,298,23,1,0
20121206,225,16,2,0
20121207,353,22,0,0
20121208,238,23,2,0
20121301,363,37,2,0
20121302,357,29,2,0
20121303,683,27,1,0
20121304,444,44,1,0
20121305,446,10,0,0
20121306,345,44,1,0
20121307,204,17,0,0
20121401,358,11,0,0
20121402,360,35,0,0
20121403,292,12,0,0
20121404,390,8,0,0
20121405,410,8,0,0
20121406,294,19,1,0
20121407,387,41,0,0
20121408,419,44,0,0
20121409,305,14,0,0
20121410,381,41,1,0
20121501,341,22,2,0
20121502,397,22,0,0
20121503,380,25,0,0
20121504,376,39,0,0
20121505,303,88,0,0
20121506,317,20,2,0
20121507,366,13,0,0
20121508,346,12,1,0
20121509,399,21,2,0
20121510,263,27,3,0
20121511,228,34,3,0
20121512,251,13,3,0
20121513,233,11,1,0
20121601,347,27,5,0
20121602,308,36,1,0
20121603,300,7,1,0
20121604,417,28,2,1
20121605,442,27,1,0
20121606,573,55,1,0
20121607,303,12,1,0
20121608,439,77,2,0
20121609,349,9,0,0
20121610,272,51,3,1
20121611,309,23,1,0
20121612,250,59,2,0
20121613,163,29,3,0
20121614,166,4,0,0
20121701,290,46,7,0
20121702,280,59,7,0
20121703,294,25,3,0
20121704,266,31,3,0
20121705,385,40,2,0
20121706,333,52,3,0
20121707,324,26,5,0
20121708,509,34,2,0
20121801,198,28,2,0
20121802,240,63,5,0
20121803,274,34,4,1
20121804,244,43,9,0
20121805,243,38,9,0
20121806,273,25,2,0
20121807,289,32,7,0
20121808,291,22,1,0
20121809,228,31,4,0
20121810,235,34,2,1
20121811,202,29,2,0
20121812,365,52,8,1
20121813,273,32,0,0
20121901,337,8,0,0
20121902,211,7,0,0
20121903,242,8,0,0
20121904,306,51,5,1
20121905,328,31,7,0
20121906,303,40,4,1
20121907,307,30,2,0
20121908,266,34,2,0
20121909,270,38,3,0
20121910,320,24,4,0
20121911,310,20,4,0
20121912,277,35,3,0
20121913,266,3,3,0
20122001,283,30,0,0
20122002,458,54,2,0
20122003,385,10,3,0
20122004,355,26,5,0
20122005,314,36,1,0
20122006,374,27,1,0
20122007,317,21,4,0
20122008,288,20,1,0
20122101,440,13,3,0
20122102,392,16,1,0
20122103,322,19,0,0
20122104,389,25,2,0
20122105,183,7,1,0
20122106,289,29,1,0
20122107,273,52,5,0
20122108,264,27,3,0
20122109,244,24,2,0
20122110,220,34,4,0
20122201,254,25,5,0
20122202,307,43,5,0
20122203,266,18,5,0
20122204,260,28,4,0
20122205,340,18,2,0
20122206,377,48,8,0
20122207,410,20,3,1
20122208,315,14,2,1
20122209,325,26,5,0
20122210,316,36,3,0
20122211,329,33,3,0
20130101,282,12,0,0
20130102,314,25,1,0
20130103,250,4,0,0
20130104,293,61,1,0
20130105,381,12,0,0
20130106,287,46,23,0
20130107,166,13,2,0
20130108,229,9,0,0
20130109,187,7,3,0
20130110,269,35,0,0
20130111,235,23,1,0
20130112,218,23,0,1
20130113,226,12,1,0
20130114,245,16,1,0
20130201,475,39,0,0
20130202,300,27,2,0
20130203,227,23,4,1
20130204,196,33,4,1
20130205,265,51,7,0
20130206,431,25,4,0
20130207,283,8,0,0
20130208,228,22,2,0
20130209,366,23,1,0
20130210,385,39,12,0
20130211,275,17,0,0
20130301,357,16,0,0
20130302,249,11,5,0
20130303,317,13,1,0
20130304,411,18,0,0
20130305,292,15,2,0
20130306,249,17,4,0
20130307,274,7,2,0
20130308,249,26,2,0
20130309,301,27,3,0
20130310,416,26,0,0
20130401,275,8,1,0
20130402,304,33,1,0
20130403,278,21,1,0
20130404,372,50,1,0
20130405,338,20,0,0
20130406,363,31,2,0
20130407,274,16,0,0
20130408,231,30,3,0
20130409,308,25,1,0
20130410,223,6,0,0
20130411,285,28,3,0
20130412,537,44,1,1
20130413,299,20,2,0
20130414,303,20,1,0
20130501,306,27,2,0
20130502,369,23,5,0
20130503,474,49,2,0
20130504,440,33,0,0
20130505,298,36,7,0
20130506,370,47,1,0
20130507,263,60,1,0
20130508,372,34,1,0
20130601,264,17,1,0
20130602,371,19,6,0
20130603,350,9,0,0
20130604,345,45,7,0
20130605,406,37,2,0
20130606,320,25,3,0
20130607,370,17,4,0
20130608,298,34,3,0
20130701,260,9,0,0
20130702,206,13,1,0
20130703,425,27,1,0
20130704,332,7,1,0
20130705,456,17,0,0
20130706,345,24,0,0
20130707,316,11,0,0
20130708,284,19,1,0
20130709,354,8,1,0
20130801,299,12,0,0
20130802,252,19,0,0
20130803,389,18,0,0
20130804,339,25,14,0
20130805,390,53,7,0
20130806,283,8,0,0
20130807,309,28,1,0
20130808,396,14,0,1
20130809,298,27,1,0
20130810,276,13,0,0
20130901,262,18,1,2
20130902,257,37,0,0
20130903,215,19,2,0
20130904,281,11,0,0
20130905,455,29,1,0
20130906,286,27,5,0
20130907,291,3,0,0
20130908,319,9,0,0
20130909,345,14,0,0
20130910,221,14,0,0
20131001,370,41,1,1
20131002,327,15,2,0
20131003,372,27,2,0
20131004,387,24,0,2
20131005,194,31,6,1
20131006,349,24,5,0
20131007,258,40,13,1
20131008,409,20,1,0
20131009,304,9,0,0
20131010,356,42,2,0
20131011,290,15,1,0
20131101,155,11,4,0
20131102,213,24,2,0
20131103,178,16,0,0
20131104,214,9,3,0
20131105,204,11,0,0
20131106,339,29,5,0
20131107,241,18,6,0
20131201,254,22,0,0
20131202,300,11,1,0
20131203,215,18,3,0
20131204,339,11,0,0
20131205,193,16,1,2
20131206,200,29,6,0
20131207,275,47,12,5
20131208,245,26,1,0
20131209,325,49,4,0
20131210,220,20,4,0
20131301,346,6,0,0
20131302,146,1,0,0
20131303,316,3,0,0
20131304,351,17,1,1
20131305,388,18,0,0
20131306,116,15,0,0
20131307,264,34,0,1
20131308,235,13,0,0
20131309,271,2,0,0
20131310,342,4,0,0
20131311,199,12,1,0
20131312,318,6,0,0
20131313,506,19,1,0
20131314,328,14,0,0
20131401,305,22,0,0
20131402,156,6,0,0
20131403,337,22,0,1
20131404,279,9,0,0
20131405,209,18,0,1
20131406,337,18,0,0
20131407,157,5,1,0
20131408,219,30,0,0
20131409,223,11,0,0
20131410,285,12,0,0
20131411,249,18,0,1
20131501,311,37,2,0
20131502,351,6,0,0
20131503,316,31,0,0
20131504,176,17,3,0
20131505,356,25,2,1
20131506,272,2,5,0
20131507,376,0,0,0
20131508,349,14,0,0
20131509,352,51,0,0
20131510,298,32,0,0
20131511,308,56,3,0
20131512,310,12,1,0
20131601,381,7,0,0
20131602,412,12,0,0
20131603,242,5,2,0
20131604,353,14,0,0
20131605,249,2,0,0
20131606,168,1,0,0
20131607,340,21,4,0
20131608,335,12,0,0
20131609,351,22,0,0
20131610,363,22,0,0
20131611,342,24,13,0
20131612,322,17,0,0
20131613,219,2,0,0
20131701,385,74,10,2
20131702,414,50,0,0
20131703,307,50,1,0
20131704,229,13,1,0
20131705,270,11,0,0
20131706,333,11,0,0
20131707,334,47,1,0
20131708,297,17,0,0
20131709,366,32,1,0
20131710,340,47,5,1
20131711,235,9,1,0
20131801,299,31,1,1
20131802,367,31,2,2
20131803,383,6,1,0
20131804,266,26,0,1
20131805,265,14,1,0
20131806,268,32,1,0
20131807,359,20,1,0
20131808,266,8,1,0
20131809,153,12,1,0
20131810,237,32,1,0
20131901,322,9,4,0
20131902,382,8,3,0
20131903,276,8,0,1
20131904,214,12,0,0
20131905,322,34,3,0
20131906,194,17,0,0
20131907,217,4,0,0
20131908,317,5,0,0
20131909,287,39,1,0
20131910,291,17,3,0
20131911,158,2,0,0
20131912,261,4,0,1
20132001,285,16,0,0
20132002,371,10,0,0
20132003,169,2,0,0
20132004,303,9,0,0
20132005,294,6,0,0
20132006,400,24,0,0
20132007,348,18,0,0
20132008,355,28,0,0
20132009,239,16,0,0
20132010,264,4,0,0
20132011,220,31,0,0
20132012,260,9,1,0
20132101,227,5,0,0
20132102,141,7,0,0
20132103,221,5,0,0
20132104,309,10,0,0
20132105,279,7,0,0
20132106,289,19,0,0
20132107,412,30,1,0
20132108,334,4,0,0
20132109,339,19,0,0
20132110,316,18,1,0
20132201,232,16,1,0
20132202,212,6,0,0
20132203,210,7,0,0
20132204,297,25,0,0
20132205,386,3,1,0
20132206,383,2,0,0
20132207,449,4,0,0
20132208,327,34,0,0
20132209,192,18,0,0
20132301,488,45,1,1
20132302,232,11,0,0
20132303,480,52,2,0
20132304,253,34,1,1
20132305,202,10,0,0
20132306,312,40,1,0
20132307,245,7,0,0
20132308,438,60,4,0
20132309,327,35,1,0
20132310,205,34,0,0
20132311,373,36,0,0
20132401,193,3,0,0
20132402,223,21,1,0
20132403,248,8,0,0
20132404,321,40,3,0
20132405,271,11,0,0
20132406,239,59,7,0
20132407,327,13,3,1
20132408,316,10,1,1
20132409,314,53,6,3
20132410,236,38,4,0
20132501,234,8,0,0
20132502,250,20,0,0
20132503,320,57,6,0
20132504,217,44,3,0
20132505,174,17,2,0
20132506,229,22,4,0
20132507,426,28,2,0
20132508,336,22,0,0
20132601,245,63,4,1
20132602,287,27,4,2
20132603,245,35,0,0
20132604,326,55,4,0
20132605,279,22,0,0
20132606,224,9,1,0
20132607,177,6,0,0
20132608,160,53,0,0
20132609,181,16,3,0
20132610,368,58,2,0
20132611,260,19,1,0
20132701,166,7,1,0
20132702,390,6,0,0
20132703,417,16,1,0
20132704,350,33,1,0
20132705,288,14,2,0
20132706,495,26,0,0
20132707,455,37,2,0
20132708,333,26,0,0
20132709,392,5,1,0
20132801,209,9,44,0
20132802,195,11,3,0
20132803,262,30,0,0
20132804,176,22,1,0
20132805,203,12,0,0
20132806,326,18,2,0
20132807,283,42,1,0
20132808,418,30,0,0
20132809,345,35,1,0
20132810,247,21,0,0
20132901,214,37,20,0
20132902,258,20,2,0
20132903,224,18,3,0
20132904,352,22,0,0
20132905,224,44,6,0
20132906,306,20,0,1
20132907,325,20,6,0
20132908,351,51,7,0
20132909,203,4,1,0
20132910,239,13,0,0
20132911,235,65,5,1
20140101,202,6,0,0
20140102,231,12,2,0
20140103,361,25,2,0
20140104,328,27,0,0
20140105,509,63,2,0
20140106,406,37,0,0
20140107,279,56,4,0
20140108,278,13,0,0
20140109,375,3,0,0
20140110,432,11,1,0
20140201,444,46,2,0
20140202,235,33,1,1
20140203,332,7,0,0
20140204,299,19,1,0
20140205,300,24,0,0
20140206,253,11,1,0
20140207,299,8,1,0
20140208,378,21,0,0
20140209,352,19,0,0
20140210,460,9,0,1
20140301,672,54,1,0
20140302,213,9,0,0
20140303,196,24,5,0
20140304,282,14,1,0
20140305,390,11,0,0
20140306,158,4,0,0
20140307,287,2,0,0
20140308,382,18,0,0
20140309,412,29,0,0
20140310,297,10,0,0
20140311,313,33,0,0
20140312,274,25,0,0
20140401,389,11,5,0
20140402,218,2,0,0
20140403,182,32,0,0
20140404,269,23,0,0
20140405,358,9,1,0
20140406,433,17,0,1
20140407,411,19,0,0
20140408,434,40,1,0
20140409,375,25,1,0
20140410,609,58,3,1
20140501,286,55,9,1
20140502,342,13,1,0
20140503,361,39,7,0
20140504,254,10,0,0
20140505,452,28,2,0
20140506,254,20,1,0
20140507,198,15,2,0
20140508,147,21,12,0
20140509,478,15,2,0
20140510,491,24,2,0
20140601,441,40,1,0
20140602,309,36,0,0
20140603,306,27,6,0
20140604,326,20,2,1
20140605,331,32,4,1
20140606,415,49,6,0
20140607,293,60,2,0
20140608,214,22,1,0
20140609,358,26,1,0
20140610,199,13,0,0
20140701,279,66,6,1
20140702,309,92,6,0
20140703,256,23,4,0
20140704,357,38,4,0
20140705,225,27,3,0
20140706,276,13,0,0
20140707,201,20,5,0
20140708,200,22,2,4
20140709,227,22,3,2
20140801,234,58,4,1
20140802,226,55,0,1
20140803,158,9,2,0
20140804,223,18,0,0
20140805,438,21,0,0
20140806,405,42,4,0
20140807,252,37,0,0
20140808,262,30,3,1
20140809,423,30,6,0
20140901,461,20,0,0
20140902,265,36,0,0
20140903,437,62,3,0
20140904,474,59,0,0
20140905,163,30,0,0
20140906,264,28,3,0
20140907,240,17,0,0
20140908,330,47,0,0
20140909,349,12,1,0
20140910,382,19,0,0
20140911,379,9,1,0
20140912,314,28,3,0
20140913,280,58,1,1
20141001,5,1,0,0
20141101,272,9,0,0
20141102,449,15,0,0
20141103,183,41,5,1
20141104,248,21,2,0
20141105,368,5,1,1
20141106,337,13,0,0
20141107,238,26,1,0
20141108,482,31,8,1
20141109,374,21,0,0
20141110,177,26,1,0
20141111,251,52,3,0
20141112,330,23,4,0
20141113,383,9,1,0
20141114,206,4,1,0
20141201,211,7,0,0
20141202,335,39,0,0
20141203,287,34,0,0
20141204,307,32,4,0
20141205,340,25,1,0
20141206,216,43,1,0
20141207,117,27,0,0
20141208,150,31,5,0
20141209,300,14,4,0
20141210,325,26,0,0
20141211,262,7,0,0
20141301,190,39,20,0
20141302,248,26,18,17
20141303,338,41,6,1
20141304,195,30,14,0
20141305,256,41,2,0
20141306,245,24,4,0
20141307,129,7,1,1
20141308,224,34,6,0
20141309,249,49,6,0
20141310,222,43,5,1
20141311,193,41,1,1
20141312,220,17,1,0
20141401,396,58,0,0
20141402,277,10,0,0
20141403,348,7,0,0
20141404,164,27,2,1
20141405,149,6,4,0
20141406,197,3,0,0
20141407,144,17,8,0
20141408,427,26,1,0
20141409,452,21,2,1
20141410,328,12,0,0
20141411,362,38,2,0
20141501,264,19,1,0
20141502,331,11,1,0
20141503,330,13,0,0
20141504,354,18,0,1
20141505,420,21,0,0
20141506,359,50,1,0
20141507,330,14,0,0
20141508,748,88,0,2
20141601,561,12,2,0
20141602,317,12,0,0
20141603,462,54,1,0
20141604,333,64,0,0
20141605,346,12,1,0
20141606,117,5,0,0
20141607,256,64,1,0
20141701,324,13,1,0
20141702,344,25,0,0
20141703,322,7,0,0
20141704,191,6,0,0
20141705,310,14,0,0
20141706,253,18,0,0
20141707,298,12,1,0
20141708,596,14,1,0
20141801,348,5,1,0
20141802,284,16,0,0
20141803,417,37,0,0
20141804,341,28,1,0
20141805,439,22,1,1
20141806,328,13,0,0
20141807,262,16,0,0
20141808,425,44,4,0
20141901,225,47,0,0
20141902,496,19,1,0
20141903,478,50,0,0
20141904,534,77,4,0
20141905,596,35,0,0
20142001,519,46,1,0
20142002,614,35,4,0
20142003,430,20,2,1
20142004,333,12,0,0
20142005,339,33,0,0
20142006,258,15,1,0
20142007,151,12,0,0
20142101,362,26,3,0
20142102,213,48,4,0
20142103,126,12,4,0
20142104,229,19,3,0
20142105,123,30,1,3
20142106,218,19,1,0
20142107,287,9,6,0
20142108,298,23,0,0
20142109,249,7,5,0
20142110,177,65,3,0
20142111,230,29,3,0
20142201,329,30,6,0
20142202,359,32,2,0
20142203,218,14,1,0
20142204,222,14,0,0
20142205,340,53,9,0
20142206,317,28,4,0
20142207,278,17,3,0
20142208,297,23,5,0
20142209,446,43,6,0
20142210,253,56,3,0
20142301,235,27,4,0
20142302,205,10,1,0
20142303,204,21,9,0
20142304,309,28,0,0
20142305,439,43,6,16
20142306,167,20,0,1
20142307,264,21,7,0
20142308,406,30,0,0
20142309,390,33,0,0
20142310,322,48,2,0
20142311,430,19,2,0
20142401,221,72,0,0
20142402,203,11,0,0
20142403,227,24,4,1
20142404,194,5,0,0
20142405,387,34,1,0
20142406,304,15,0,0
20142407,307,14,1,0
20142408,244,20,0,0
20142409,310,36,0,0
20142501,368,2,0,0
20142502,211,1,3,0
20142503,296,53,0,0
20142504,263,19,0,0
20142505,229,6,0,0
20142506,255,9,2,0
20142507,364,4,2,1
20142508,340,9,0,0
20142509,356,34,0,0
20142601,472,46,0,0
20142602,325,23,3,0
20142603,166,16,1,0
20142604,710,72,2,0
20142605,406,28,0,0
20142606,364,15,0,0
20142607,492,33,0,0
20142701,525,68,8,1
20142702,525,33,0,0
20142703,267,16,0,0
20142704,362,23,9,0
20142705,376,97,2,0
20142706,207,5,0,0
20142707,213,4,0,0
20142801,253,26,1,0
20142802,257,6,0,0
20142803,278,6,0,0
20142804,292,14,0,0
20142805,221,7,0,0
20142806,386,18,1,0
20142807,356,6,0,0
20142808,270,26,2,0
20142809,246,12,0,0
20142810,359,18,0,0
20142811,349,39,1,0
20142812,197,65,4,1
20142901,249,18,2,0
20142902,264,6,10,0
20142903,233,29,0,0
20142904,302,46,4,0
20142905,252,24,0,0
20142906,410,30,1,0
20142907,288,66,12,1
20142908,242,24,0,0
20142909,286,46,3,0
20142910,342,16,1,0
20142911,252,28,0,0
20143001,299,22,0,0
20143002,372,37,4,0
20143003,375,8,0,0
20143004,282,16,2,0
20143005,340,34,1,0
20143006,222,7,0,0
20143007,186,16,1,0
20143008,640,25,2,0
20143009,537,34,0,0
20143101,193,23,1,0
20143102,265,52,0,0
20143103,275,4,0,0
20143104,234,15,0,0
20143105,217,22,0,0
20143106,362,14,0,0
20143107,292,22,0,0
20143108,246,21,0,0
20143109,217,7,0,0
20143110,163,26,0,0
20143111,203,11,0,0
20143112,229,23,6,0
20150101,355,50,4,0
20150102,322,19,0,0
20150103,255,11,0,0
20150104,213,8,5,1
20150105,242,16,1,0
20150106,235,18,2,0
20150107,281,6,2,0
20150108,243,21,0,1
20150109,298,31,3,0
20150110,300,25,7,0
20150111,193,19,2,0
20150112,238,40,5,0
20150201,251,20,0,0
20150202,273,16,1,0
20150203,256,14,9,0
20150204,189,12,1,0
20150205,196,2,0,0
20150206,249,18,0,0
20150207,237,21,2,0
20150208,207,20,0,0
20150209,181,24,1,0
20150210,199,30,0,0
20150301,243,40,3,0
20150302,359,28,0,0
20150303,346,20,3,0
20150304,228,21,7,1
20150305,200,14,16,0
20150306,242,22,0,0
20150307,239,4,1,0
20150308,293,22,0,0
20150309,312,30,5,0
20150310,316,19,1,0
20150311,308,26,0,1
20150312,305,53,34,4
20150313,219,36,4,0
20150401,292,30,6,1
20150402,204,30,6,0
20150403,349,33,6,1
20150404,182,21,1,0
20150405,186,12,12,0
20150406,222,38,6,0
20150407,263,25,4,0
20150408,241,27,4,0
20150409,214,26,0,0
20150410,183,41,2,0
20150411,247,28,4,0
20150412,248,29,5,6
20150413,212,86,12,2
20150414,214,37,10,0
20150501,283,13,0,1
20150502,293,30,2,0
20150503,252,17,2,0
20150504,175,46,4,0
20150505,277,12,5,0
20150506,239,33,4,0
20150507,211,58,3,0
20150508,279,33,3,0
20150509,212,24,3,0
20150510,178,25,1,0
20150511,209,32,5,1
20150512,203,37,2,0
20150513,258,15,3,0
20150514,223,23,1,0
20150601,281,8,0,0
20150602,254,12,0,0
20150603,248,23,0,0
20150604,234,12,0,0
20150605,152,29,1,0
20150606,157,13,1,0
20150607,226,11,1,0
20150701,247,31,7,0
20150702,185,24,4,0
20150703,186,30,10,0
20150704,161,27,4,0
20150705,242,31,4,0
20150706,119,45,61,56
20150707,293,40,7,0
20150708,203,72,19,0
20150709,238,19,5,0
20150710,288,72,9,2
20150711,292,21,2,0
20150712,269,32,8,0
20150801,227,29,3,0
20150802,164,33,7,1
20150803,310,47,7,0
20150804,272,23,11,0
20150805,232,31,8,0
20150806,208,33,2,0
20150807,329,18,1,0
20150808,287,17,12,1
20150809,368,19,2,1
20150810,364,11,0,0
20150901,210,11,3,0
20150902,198,5,1,0
20150903,202,17,2,0
20150904,155,46,23,2
20150905,186,40,3,1
20150906,154,27,29,0
20150907,181,39,24,1
20150908,256,195,106,28
20151001,259,39,2,0
20151002,291,37,5,0
20151003,350,41,5,0
20151004,297,29,3,1
20151005,241,25,6,0
20151006,191,20,1,1
20151007,356,25,1,0
20151008,245,33,0,0
20151009,237,47,2,0
20151010,201,41,0,0
20151011,224,17,5,0
20151012,269,40,1,0
20151013,320,36,5,0
20151101,260,24,7,0
20151102,258,59,7,0
20151103,279,20,3,0
20151104,236,43,5,1
20151105,173,33,19,1
20151106,184,29,19,0
20151107,209,34,2,0
20151108,235,24,4,1
20151109,299,49,10,0
20151110,236,22,3,0
20151111,453,57,6,0
20151112,350,20,1,1
20151113,306,40,7,1
20151201,160,33,27,1
20151202,224,43,11,0
20151203,231,49,10,0
20151204,262,41,5,0
20151205,289,35,7,0
20151206,253,37,4,0
20151207,185,45,1,0
20151208,319,12,0,0
20151209,214,29,1,0
20151301,242,43,9,0
20151302,226,23,3,0
20151303,272,24,2,0
20151304,218,35,2,0
20151305,192,17,0,0
20151306,209,23,1,0
20151307,254,27,1,0
20151308,179,10,0,0
20151309,390,67,1,0
20151310,286,9,0,0
20151401,273,64,1,1
20151402,357,25,3,0
20151403,255,19,2,0
20151404,277,26,2,0
20151405,384,27,2,0
20151406,250,26,0,0
20151407,370,18,0,0
20151408,220,69,13,1
20151409,278,35,8,0
20151410,223,40,2,1
20151411,288,45,8,1
20151501,253,21,15,1
20151502,207,11,8,0
20151503,383,11,0,0
20151504,240,69,3,1
20151505,253,18,14,1
20151506,261,14,2,0
20151507,271,49,31,0
20151508,233,17,4,0
20151509,354,53,1,0
20151510,360,33,0,0
20151601,303,8,0,0
20151602,245,29,5,0
20151603,345,15,1,0
20151604,258,23,3,0
20151605,224,30,2,0
20151606,280,21,1,0
20151607,248,47,2,0
20151608,319,27,2,0
20151609,284,16,3,0
20151610,300,23,4,0
20151611,275,29,1,0
20151701,267,44,1,0
20151702,214,29,7,0
20151703,336,22,4,0
20151704,325,37,5,0
20151705,312,29,8,0
20151706,236,58,1,0
20151707,287,42,1,0
20151708,199,70,0,0
20151709,230,30,2,0
20151710,296,22,1,0
20151711,315,22,2,0
20151712,267,15,2,0
20151801,246,11,0,0
20151802,196,5,0,0
20151803,278,21,2,0
20151804,183,22,1,0
20151805,175,30,3,0
20151806,182,25,2,0
20151807,266,10,0,0
20151808,213,4,0,0
20151809,222,0,0,0
20151810,208,28,1,0
20151811,260,29,0,1
20151812,217,14,1,0
20151813,241,9,0,0
20151901,211,18,0,0
20151902,304,22,1,0
20151903,271,12,1,0
20151904,326,12,0,0
20151905,359,18,0,0
20151906,317,16,1,0
20151907,360,10,0,0
20151908,277,13,1,0
20151909,261,18,4,0
20151910,346,33,1,0
20151911,360,19,1,0
20152001,310,26,4,0
20152002,339,19,3,0
20152003,315,21,0,0
20152004,232,29,1,0
20152005,251,16,0,0
20152006,254,52,1,0
20152007,247,31,1,0
20152008,227,13,2,0
20152009,163,52,3,0
20152010,257,46,4,1
20152011,207,115,4,1
20152012,282,32,6,0
20152101,279,31,6,0
20152102,335,21,5,0
20152103,225,28,11,0
20152104,291,28,4,0
20152105,176,19,1,0
20152106,379,20,3,0
20152107,147,24,0,0
20152108,218,38,0,0
20152109,302,76,1,0
20152110,255,14,5,0
20152111,314,8,2,0
20152112,185,16,14,0
20152113,344,36,2,0
